wire_id,change,old_from,old_to,new_from,new_to
A01,UNCHANGED,PS1.TB2.4,Q1.1,PS1.TB2.4,Q1.1
A02,UNCHANGED,Q1.2,K1.A2(+),Q1.2,K1.A2(+)
A03,UNCHANGED,K1.A1(-),U1.IN+,K1.A1(-),U1.IN+
A04,UNCHANGED,PS1.TB2.1,U1.IN-,PS1.TB2.1,U1.IN-
A06,UNCHANGED,PS1.TB2.1,Q1.11,PS1.TB2.1,Q1.11
A07,UNCHANGED,U1.OUT+,SEP.PWR,U1.OUT+,SEP.PWR
A08,UNCHANGED,U1.OUT-,SEP.RET,U1.OUT-,SEP.RET
A09,UNCHANGED,SEP.PWR,DM.VCC_REF,SEP.PWR,DM.VCC_REF
A10,UNCHANGED,SEP.RET,DM.RET_REF,SEP.RET,DM.RET_REF
A11,UNCHANGED,U1.R+,RB1.A,U1.R+,RB1.A
A12,UNCHANGED,U1.R-,RB1.B,U1.R-,RB1.B
C01,UNCHANGED,CAN.H,SEP.H,CAN.H,SEP.H
C02,UNCHANGED,CAN.L,SEP.L,CAN.L,SEP.L
C03,UNCHANGED,SEP.H,DM.CANH_REF,SEP.H,DM.CANH_REF
C04,UNCHANGED,SEP.L,DM.CANL_REF,SEP.L,DM.CANL_REF
L01,UNCHANGED,PDU.TFM.9,OBC.P1.2,PDU.TFM.9,OBC.P1.2
L02,UNCHANGED,PDU.TFM.10,OBC.P1.1,PDU.TFM.10,OBC.P1.1
S01,UNCHANGED,RS_A.orange,RS_B.yellow,RS_A.orange,RS_B.yellow
S02,UNCHANGED,RS_A.red,RS_B.white,RS_A.red,RS_B.white
S03,UNCHANGED,RS_A.yellow,RS_B.orange,RS_A.yellow,RS_B.orange
S04,UNCHANGED,RS_A.white,RS_B.red,RS_A.white,RS_B.red
S05,UNCHANGED,RS_A.black,RS_B.black,RS_A.black,RS_B.black
BP01,UNCHANGED,BPX.PBAT2.1,DOCK.P4.5,BPX.PBAT2.1,DOCK.P4.5
BP02,UNCHANGED,BPX.PBAT2.2,DOCK.P4.6,BPX.PBAT2.2,DOCK.P4.6
BP03,UNCHANGED,BPX.PBAT2.3,DOCK.P4.7,BPX.PBAT2.3,DOCK.P4.7
BP04,UNCHANGED,BPX.PBAT2.4,DOCK.P4.8,BPX.PBAT2.4,DOCK.P4.8
BP05,UNCHANGED,BPX.PBAT2.5,DOCK.P4.1,BPX.PBAT2.5,DOCK.P4.1
BP06,UNCHANGED,BPX.PBAT2.6,DOCK.P4.2,BPX.PBAT2.6,DOCK.P4.2
BP07,UNCHANGED,BPX.PBAT2.7,DOCK.P4.3,BPX.PBAT2.7,DOCK.P4.3
BP08,UNCHANGED,BPX.PBAT2.8,DOCK.P4.4,BPX.PBAT2.8,DOCK.P4.4
BP09,UNCHANGED,BPX.PBAT2.9,DOCK.P5.2,BPX.PBAT2.9,DOCK.P5.2
BP10,UNCHANGED,BPX.PBAT2.10,DOCK.P5.4,BPX.PBAT2.10,DOCK.P5.4
BP11,UNCHANGED,BPX.PBAT2.11,DOCK.P5.3,BPX.PBAT2.11,DOCK.P5.3
BP12,UNCHANGED,BPX.PBAT2.12,DOCK.P5.1,BPX.PBAT2.12,DOCK.P5.1
PV0_1,UNCHANGED,PV_BRANCH_0.BLOCKED_POS,ACU.X1.TFM.1,PV_BRANCH_0.BLOCKED_POS,ACU.X1.TFM.1
PV0_3,UNCHANGED,PV_BRANCH_0.BLOCKED_POS,ACU.X1.TFM.3,PV_BRANCH_0.BLOCKED_POS,ACU.X1.TFM.3
PV0_RET2,UNCHANGED,PV_BRANCH_0.RET,ACU.X1.TFM.2,PV_BRANCH_0.RET,ACU.X1.TFM.2
PV0_RET4,UNCHANGED,PV_BRANCH_0.RET,ACU.X1.TFM.4,PV_BRANCH_0.RET,ACU.X1.TFM.4
PV1_5,UNCHANGED,PV_BRANCH_1.BLOCKED_POS,ACU.X1.TFM.5,PV_BRANCH_1.BLOCKED_POS,ACU.X1.TFM.5
PV1_7,UNCHANGED,PV_BRANCH_1.BLOCKED_POS,ACU.X1.TFM.7,PV_BRANCH_1.BLOCKED_POS,ACU.X1.TFM.7
PV1_RET6,UNCHANGED,PV_BRANCH_1.RET,ACU.X1.TFM.6,PV_BRANCH_1.RET,ACU.X1.TFM.6
PV1_RET8,UNCHANGED,PV_BRANCH_1.RET,ACU.X1.TFM.8,PV_BRANCH_1.RET,ACU.X1.TFM.8
PV2_9,UNCHANGED,PV_BRANCH_2.BLOCKED_POS,ACU.X1.TFM.9,PV_BRANCH_2.BLOCKED_POS,ACU.X1.TFM.9
PV2_11,UNCHANGED,PV_BRANCH_2.BLOCKED_POS,ACU.X1.TFM.11,PV_BRANCH_2.BLOCKED_POS,ACU.X1.TFM.11
PV2_RET10,UNCHANGED,PV_BRANCH_2.RET,ACU.X1.TFM.10,PV_BRANCH_2.RET,ACU.X1.TFM.10
PV2_RET12,UNCHANGED,PV_BRANCH_2.RET,ACU.X1.TFM.12,PV_BRANCH_2.RET,ACU.X1.TFM.12
PV3_13,UNCHANGED,PV_BRANCH_3.BLOCKED_POS,ACU.X1.TFM.13,PV_BRANCH_3.BLOCKED_POS,ACU.X1.TFM.13
PV3_15,UNCHANGED,PV_BRANCH_3.BLOCKED_POS,ACU.X1.TFM.15,PV_BRANCH_3.BLOCKED_POS,ACU.X1.TFM.15
PV3_RET14,UNCHANGED,PV_BRANCH_3.RET,ACU.X1.TFM.14,PV_BRANCH_3.RET,ACU.X1.TFM.14
PV3_RET16,UNCHANGED,PV_BRANCH_3.RET,ACU.X1.TFM.16,PV_BRANCH_3.RET,ACU.X1.TFM.16
PV4_17,UNCHANGED,PV_BRANCH_4.BLOCKED_POS,ACU.X1.TFM.17,PV_BRANCH_4.BLOCKED_POS,ACU.X1.TFM.17
PV4_19,UNCHANGED,PV_BRANCH_4.BLOCKED_POS,ACU.X1.TFM.19,PV_BRANCH_4.BLOCKED_POS,ACU.X1.TFM.19
PV4_21,UNCHANGED,PV_BRANCH_4.BLOCKED_POS,ACU.X1.TFM.21,PV_BRANCH_4.BLOCKED_POS,ACU.X1.TFM.21
PV4_23,UNCHANGED,PV_BRANCH_4.BLOCKED_POS,ACU.X1.TFM.23,PV_BRANCH_4.BLOCKED_POS,ACU.X1.TFM.23
PV4_RET18,UNCHANGED,PV_BRANCH_4.RET,ACU.X1.TFM.18,PV_BRANCH_4.RET,ACU.X1.TFM.18
PV4_RET20,UNCHANGED,PV_BRANCH_4.RET,ACU.X1.TFM.20,PV_BRANCH_4.RET,ACU.X1.TFM.20
PV4_RET22,UNCHANGED,PV_BRANCH_4.RET,ACU.X1.TFM.22,PV_BRANCH_4.RET,ACU.X1.TFM.22
PV4_RET24,UNCHANGED,PV_BRANCH_4.RET,ACU.X1.TFM.24,PV_BRANCH_4.RET,ACU.X1.TFM.24
PV5_25,UNCHANGED,PV_BRANCH_5.BLOCKED_POS,ACU.X1.TFM.25,PV_BRANCH_5.BLOCKED_POS,ACU.X1.TFM.25
PV5_27,UNCHANGED,PV_BRANCH_5.BLOCKED_POS,ACU.X1.TFM.27,PV_BRANCH_5.BLOCKED_POS,ACU.X1.TFM.27
PV5_29,UNCHANGED,PV_BRANCH_5.BLOCKED_POS,ACU.X1.TFM.29,PV_BRANCH_5.BLOCKED_POS,ACU.X1.TFM.29
PV5_RET26,UNCHANGED,PV_BRANCH_5.RET,ACU.X1.TFM.26,PV_BRANCH_5.RET,ACU.X1.TFM.26
PV5_RET28,UNCHANGED,PV_BRANCH_5.RET,ACU.X1.TFM.28,PV_BRANCH_5.RET,ACU.X1.TFM.28
PV5_RET30,UNCHANGED,PV_BRANCH_5.RET,ACU.X1.TFM.30,PV_BRANCH_5.RET,ACU.X1.TFM.30
RBF,UNCHANGED,FPP.RBF_JUMPER,DOCK.P14.6,FPP.RBF_JUMPER,DOCK.P14.6
DEARM,UNCHANGED,FPP.DEARM_JUMPER,DOCK.P14.7,FPP.DEARM_JUMPER,DOCK.P14.7
K1_COILP,STOP_BOUNDARY_REPLACED,STOPBOARD.J104.1,K1.X1(+),STOPBOARD.J104.1,K1.X1(+)
K1_COILR,STOP_BOUNDARY_REPLACED,K1.X2(-),STOPBOARD.J104.2,K1.X2(-),STOPBOARD.J104.2
K1_FB1,STOP_BOUNDARY_REPLACED,K1.T1,STOPBOARD.J105.2,K1.T1,STOPBOARD.J105.2
K1_FB2,STOP_BOUNDARY_REPLACED,STOPBOARD.J105.1,K1.T2,STOPBOARD.J105.1,K1.T2
SC_PWR24,UNCHANGED,Q1.2,STOPBOARD.J101.3,Q1.2,STOPBOARD.J101.3
SC_RET,UNCHANGED,PS1.TB2.1,STOPBOARD.J101.4,PS1.TB2.1,STOPBOARD.J101.4
