id,owner,legacy_mass_kg,readback_default_mass_kg,readback_default_minus_legacy_kg,primary_mass_kg,primary_minus_legacy_kg,primary_method,comparison_integral_mass_kg,comparison_integral_minus_default_kg,default_vs_comparison_volume_relative_difference,source_index
MIPS_CRADLE_B,PROPULSION_MOUNTING_KIT,0.09901717171281933,0.09901717171281928,-5.551115123125783e-17,0.09901717171281924,-9.71445146547012e-17,GAUSS_KRONROD_EPS1E9_FULL_COM_AND_INERTIA,0.09901717171281924,-3.92901711165905e-17,3.968015894308139e-16,0
MIPS_INTERFACE_SHIM_-1_0,PROPULSION_MOUNTING_KIT,2.054837214896742e-05,2.05483721489679e-05,4.777265822514254e-19,2.0548372148967838e-05,4.1674021004911577e-19,GAUSS_KRONROD_EPS1E9_FULL_COM_AND_INERTIA,2.0548372148967838e-05,-6.235012506294879e-20,3.034309706429991e-15,1
MIPS_INTERFACE_SHIM_-1_1,PROPULSION_MOUNTING_KIT,2.054837214896744e-05,2.0548372148967913e-05,4.743384504624082e-19,2.054837214896784e-05,4.0318768289304696e-19,GAUSS_KRONROD_EPS1E9_FULL_COM_AND_INERTIA,2.054837214896784e-05,-6.954437026251981e-20,3.3844223648642195e-15,2
MIPS_INTERFACE_SHIM_1_0,PROPULSION_MOUNTING_KIT,2.054837214896742e-05,2.05483721489679e-05,4.777265822514254e-19,2.0548372148967825e-05,4.0318768289304696e-19,GAUSS_KRONROD_EPS1E9_FULL_COM_AND_INERTIA,2.0548372148967825e-05,-7.673861546209082e-20,3.7345350232984525e-15,3
MIPS_INTERFACE_SHIM_1_1,PROPULSION_MOUNTING_KIT,2.054837214896744e-05,2.0548372148967913e-05,4.743384504624082e-19,2.054837214896784e-05,4.0318768289304696e-19,GAUSS_KRONROD_EPS1E9_FULL_COM_AND_INERTIA,2.054837214896784e-05,-6.954437026251981e-20,3.3844223648642195e-15,4
P60_HOST_0_POST,P60_MOUNTING_KIT,0.006838981742285754,0.006838981742285906,1.5265566588595902e-16,0.0068389817422858925,1.3877787807814457e-16,GAUSS_KRONROD_EPS1E9_FULL_COM_AND_INERTIA,0.0068389817422858925,-1.3505996321327986e-17,1.9748548585558407e-15,5
P60_HOST_1_POST,P60_MOUNTING_KIT,0.006838981742285751,0.006838981742285902,1.5092094240998222e-16,0.0068389817422858865,1.3530843112619095e-16,GAUSS_KRONROD_EPS1E9_FULL_COM_AND_INERTIA,0.0068389817422858865,-1.4733814168721438e-17,2.1543871184245556e-15,6
P60_HOST_2_POST,P60_MOUNTING_KIT,0.006838981742285754,0.006838981742285902,1.48318857196017e-16,0.006838981742285892,1.3791051634015616e-16,GAUSS_KRONROD_EPS1E9_FULL_COM_AND_INERTIA,0.006838981742285892,-9.822542779147625e-18,1.4362580789497026e-15,7
P60_HOST_3_POST,P60_MOUNTING_KIT,0.00683898174228575,0.006838981742285897,1.465841337200402e-16,0.006838981742285886,1.3530843112619095e-16,GAUSS_KRONROD_EPS1E9_FULL_COM_AND_INERTIA,0.006838981742285886,-1.105036062654108e-17,1.615790338818417e-15,8
P60_TRAY_B,P60_MOUNTING_KIT,0.06813548922019229,0.06813548922019232,2.7755575615628914e-17,0.06813548922019232,2.7755575615628914e-17,GAUSS_KRONROD_EPS1E9_FULL_COM_AND_INERTIA,0.06813548922019232,0.0,0.0,9
POST_DUAL_0,HARNESS_RESTRAINT_HARDWARE,0.013059476568062951,0.013059476568063243,2.914335439641036e-16,0.013059476568063208,2.5673907444456745e-16,GAUSS_KRONROD_EPS1E9_FULL_COM_AND_INERTIA,0.013059476568063208,-3.437889972701669e-17,2.632486803574492e-15,10
POST_DUAL_1,HARNESS_RESTRAINT_HARDWARE,0.013059476568062948,0.013059476568063243,2.949029909160572e-16,0.013059476568063208,2.6020852139652106e-16,GAUSS_KRONROD_EPS1E9_FULL_COM_AND_INERTIA,0.013059476568063208,-3.437889972701669e-17,2.632486803574492e-15,11
POST_PWR_0,HARNESS_RESTRAINT_HARDWARE,0.013059476568062953,0.013059476568063237,2.8449465006019636e-16,0.013059476568063211,2.5847379792054426e-16,GAUSS_KRONROD_EPS1E9_FULL_COM_AND_INERTIA,0.013059476568063211,-2.9467628337442876e-17,2.256417260206707e-15,12
POST_PWR_1,HARNESS_RESTRAINT_HARDWARE,0.013059476568062951,0.013059476568063237,2.8622937353617317e-16,0.013059476568063208,2.5673907444456745e-16,GAUSS_KRONROD_EPS1E9_FULL_COM_AND_INERTIA,0.013059476568063208,-3.192326403222978e-17,2.4444520318905996e-15,13
R01_D_lower_-1_-150_nut,R01_EQUIPMENT_FASTENER_KIT,0.0003603844252850637,0.0003603844252850637,0.0,0.0003603844252850636,-5.421010862427522e-20,GAUSS_KRONROD_EPS1E9_FULL_COM_AND_INERTIA,0.0003603844252850636,-5.577760475716786e-20,1.5477251746672418e-16,14
R01_D_lower_-1_-150_screw,R01_EQUIPMENT_FASTENER_KIT,0.0011606105161033218,0.001160610516103322,2.168404344971009e-19,0.001160610516103322,2.168404344971009e-19,OCCT_DEFAULT_FACE_GAUSS_QUADRATURE,0.0011606105161032826,-3.949054416807485e-17,3.402566461370973e-14,15
R01_D_lower_-1_-150_washer_head,R01_EQUIPMENT_FASTENER_KIT,7.94100375047909e-05,7.94100375047909e-05,0.0,7.94100375047909e-05,0.0,OCCT_DEFAULT_FACE_GAUSS_QUADRATURE,7.941003750478915e-05,-1.743050148661496e-18,2.1949997801680596e-14,16
R01_D_lower_-1_-150_washer_nut,R01_EQUIPMENT_FASTENER_KIT,7.94100375047909e-05,7.94100375047909e-05,0.0,7.94100375047909e-05,0.0,OCCT_DEFAULT_FACE_GAUSS_QUADRATURE,7.941003750478916e-05,-1.7291057474722037e-18,2.177439781926715e-14,17
R01_D_lower_-1_-50_nut,R01_EQUIPMENT_FASTENER_KIT,0.00036038442528506335,0.00036038442528506335,0.0,0.00036038442528506335,0.0,OCCT_DEFAULT_FACE_GAUSS_QUADRATURE,0.00036038442528506844,5.0757620329022756e-18,1.408429908947171e-14,18
R01_D_lower_-1_-50_screw,R01_EQUIPMENT_FASTENER_KIT,0.0011606105161033216,0.0011606105161033218,2.168404344971009e-19,0.0011606105161033218,2.168404344971009e-19,OCCT_DEFAULT_FACE_GAUSS_QUADRATURE,0.001160610516103283,-3.8598102491960155e-17,3.325672304051853e-14,19
R01_D_lower_-1_-50_washer_head,R01_EQUIPMENT_FASTENER_KIT,7.941003750479093e-05,7.941003750479093e-05,0.0,7.941003750479093e-05,0.0,OCCT_DEFAULT_FACE_GAUSS_QUADRATURE,7.941003750478914e-05,-1.7848833522293715e-18,2.2476797748920936e-14,20
R01_D_lower_-1_-50_washer_nut,R01_EQUIPMENT_FASTENER_KIT,7.941003750479093e-05,7.941003750479093e-05,0.0,7.941003750479093e-05,0.0,OCCT_DEFAULT_FACE_GAUSS_QUADRATURE,7.941003750478915e-05,-1.7709389510400796e-18,2.2301197766507486e-14,21
R01_D_lower_-1_140_nut,R01_EQUIPMENT_FASTENER_KIT,0.0003603844252850637,0.0003603844252850637,0.0,0.0003603844252850637,0.0,OCCT_DEFAULT_FACE_GAUSS_QUADRATURE,0.00036038442528506877,5.0757620329022756e-18,1.40842990894717e-14,22
R01_D_lower_-1_140_screw,R01_EQUIPMENT_FASTENER_KIT,0.0011606105161033218,0.001160610516103322,2.168404344971009e-19,0.001160610516103322,2.168404344971009e-19,OCCT_DEFAULT_FACE_GAUSS_QUADRATURE,0.0011606105161032826,-3.949054416807485e-17,3.402566461370973e-14,23
R01_D_lower_-1_140_washer_head,R01_EQUIPMENT_FASTENER_KIT,7.94100375047909e-05,7.94100375047909e-05,0.0,7.94100375047909e-05,0.0,OCCT_DEFAULT_FACE_GAUSS_QUADRATURE,7.941003750478915e-05,-1.743050148661496e-18,2.1949997801680596e-14,24
R01_D_lower_-1_140_washer_nut,R01_EQUIPMENT_FASTENER_KIT,7.94100375047909e-05,7.94100375047909e-05,0.0,7.94100375047909e-05,0.0,OCCT_DEFAULT_FACE_GAUSS_QUADRATURE,7.941003750478916e-05,-1.7291057474722037e-18,2.177439781926715e-14,25
R01_D_lower_-1_50_nut,R01_EQUIPMENT_FASTENER_KIT,0.00036038442528506335,0.00036038442528506335,0.0,0.00036038442528506335,0.0,OCCT_DEFAULT_FACE_GAUSS_QUADRATURE,0.00036038442528506844,5.0757620329022756e-18,1.408429908947171e-14,26
R01_D_lower_-1_50_screw,R01_EQUIPMENT_FASTENER_KIT,0.0011606105161033216,0.0011606105161033218,2.168404344971009e-19,0.0011606105161033218,2.168404344971009e-19,OCCT_DEFAULT_FACE_GAUSS_QUADRATURE,0.0011606105161032828,-3.882121291098883e-17,3.344895843381634e-14,27
R01_D_lower_-1_50_washer_head,R01_EQUIPMENT_FASTENER_KIT,7.941003750479094e-05,7.941003750479094e-05,0.0,7.941003750479094e-05,0.0,OCCT_DEFAULT_FACE_GAUSS_QUADRATURE,7.941003750478914e-05,-1.7988277534186635e-18,2.265239773133438e-14,28
R01_D_lower_-1_50_washer_nut,R01_EQUIPMENT_FASTENER_KIT,7.941003750479094e-05,7.941003750479094e-05,0.0,7.941003750479094e-05,0.0,OCCT_DEFAULT_FACE_GAUSS_QUADRATURE,7.941003750478916e-05,-1.7709389510400796e-18,2.2301197766507483e-14,29
R01_D_lower_1_-150_nut,R01_EQUIPMENT_FASTENER_KIT,0.0003603844252850636,0.0003603844252850636,0.0,0.0003603844252850636,0.0,OCCT_DEFAULT_FACE_GAUSS_QUADRATURE,0.0003603844252850687,5.0757620329022756e-18,1.4084299089471702e-14,30
R01_D_lower_1_-150_screw,R01_EQUIPMENT_FASTENER_KIT,0.0011606105161033218,0.001160610516103322,2.168404344971009e-19,0.001160610516103322,2.168404344971009e-19,OCCT_DEFAULT_FACE_GAUSS_QUADRATURE,0.0011606105161032826,-3.949054416807485e-17,3.402566461370973e-14,31
R01_D_lower_1_-150_washer_head,R01_EQUIPMENT_FASTENER_KIT,7.94100375047909e-05,7.94100375047909e-05,0.0,7.94100375047909e-05,0.0,OCCT_DEFAULT_FACE_GAUSS_QUADRATURE,7.941003750478915e-05,-1.743050148661496e-18,2.1949997801680596e-14,32
R01_D_lower_1_-150_washer_nut,R01_EQUIPMENT_FASTENER_KIT,7.94100375047909e-05,7.94100375047909e-05,0.0,7.94100375047909e-05,0.0,OCCT_DEFAULT_FACE_GAUSS_QUADRATURE,7.941003750478916e-05,-1.7291057474722037e-18,2.177439781926715e-14,33
R01_D_lower_1_-50_nut,R01_EQUIPMENT_FASTENER_KIT,0.00036038442528506335,0.00036038442528506335,0.0,0.00036038442528506335,0.0,OCCT_DEFAULT_FACE_GAUSS_QUADRATURE,0.00036038442528506844,5.0757620329022756e-18,1.408429908947171e-14,34
R01_D_lower_1_-50_screw,R01_EQUIPMENT_FASTENER_KIT,0.0011606105161033216,0.0011606105161033218,2.168404344971009e-19,0.0011606105161033218,2.168404344971009e-19,OCCT_DEFAULT_FACE_GAUSS_QUADRATURE,0.0011606105161032828,-3.882121291098883e-17,3.344895843381634e-14,35
R01_D_lower_1_-50_washer_head,R01_EQUIPMENT_FASTENER_KIT,7.941003750479093e-05,7.941003750479093e-05,0.0,7.941003750479093e-05,0.0,OCCT_DEFAULT_FACE_GAUSS_QUADRATURE,7.941003750478914e-05,-1.7848833522293715e-18,2.2476797748920936e-14,36
R01_D_lower_1_-50_washer_nut,R01_EQUIPMENT_FASTENER_KIT,7.941003750479093e-05,7.941003750479093e-05,0.0,7.941003750479093e-05,0.0,OCCT_DEFAULT_FACE_GAUSS_QUADRATURE,7.941003750478916e-05,-1.7569945498507876e-18,2.212559778409404e-14,37
R01_D_lower_1_140_nut,R01_EQUIPMENT_FASTENER_KIT,0.00036038442528506356,0.00036038442528506356,0.0,0.00036038442528506356,0.0,OCCT_DEFAULT_FACE_GAUSS_QUADRATURE,0.00036038442528506877,5.187317242416611e-18,1.4393844124405143e-14,38
R01_D_lower_1_140_screw,R01_EQUIPMENT_FASTENER_KIT,0.0011606105161033218,0.001160610516103322,2.168404344971009e-19,0.001160610516103322,2.168404344971009e-19,OCCT_DEFAULT_FACE_GAUSS_QUADRATURE,0.0011606105161032826,-3.949054416807485e-17,3.402566461370973e-14,39
R01_D_lower_1_140_washer_head,R01_EQUIPMENT_FASTENER_KIT,7.94100375047909e-05,7.94100375047909e-05,0.0,7.94100375047909e-05,0.0,OCCT_DEFAULT_FACE_GAUSS_QUADRATURE,7.941003750478915e-05,-1.743050148661496e-18,2.1949997801680596e-14,40
R01_D_lower_1_140_washer_nut,R01_EQUIPMENT_FASTENER_KIT,7.94100375047909e-05,7.94100375047909e-05,0.0,7.94100375047909e-05,0.0,OCCT_DEFAULT_FACE_GAUSS_QUADRATURE,7.941003750478916e-05,-1.7291057474722037e-18,2.177439781926715e-14,41
R01_D_lower_1_50_nut,R01_EQUIPMENT_FASTENER_KIT,0.00036038442528506335,0.00036038442528506335,0.0,0.00036038442528506335,0.0,OCCT_DEFAULT_FACE_GAUSS_QUADRATURE,0.00036038442528506844,5.0757620329022756e-18,1.408429908947171e-14,42
R01_D_lower_1_50_screw,R01_EQUIPMENT_FASTENER_KIT,0.0011606105161033216,0.0011606105161033218,2.168404344971009e-19,0.0011606105161033218,2.168404344971009e-19,OCCT_DEFAULT_FACE_GAUSS_QUADRATURE,0.0011606105161032828,-3.882121291098883e-17,3.344895843381634e-14,43
R01_D_lower_1_50_washer_head,R01_EQUIPMENT_FASTENER_KIT,7.941003750479093e-05,7.941003750479093e-05,0.0,7.941003750479093e-05,0.0,OCCT_DEFAULT_FACE_GAUSS_QUADRATURE,7.941003750478914e-05,-1.7848833522293715e-18,2.2476797748920936e-14,44
R01_D_lower_1_50_washer_nut,R01_EQUIPMENT_FASTENER_KIT,7.941003750479093e-05,7.941003750479093e-05,0.0,7.941003750479093e-05,0.0,OCCT_DEFAULT_FACE_GAUSS_QUADRATURE,7.941003750478915e-05,-1.7709389510400796e-18,2.2301197766507486e-14,45
R01_D_upper_-1_-150_nut,R01_EQUIPMENT_FASTENER_KIT,0.0003603844252850632,0.0003603844252850632,0.0,0.0003603844252850632,0.0,OCCT_DEFAULT_FACE_GAUSS_QUADRATURE,0.00036038442528506834,5.1315396376594435e-18,1.4239071606938437e-14,46
R01_D_upper_-1_-150_screw,R01_EQUIPMENT_FASTENER_KIT,0.0011606105161033218,0.001160610516103322,2.168404344971009e-19,0.001160610516103322,2.168404344971009e-19,OCCT_DEFAULT_FACE_GAUSS_QUADRATURE,0.0011606105161032826,-3.949054416807485e-17,3.402566461370973e-14,47
R01_D_upper_-1_-150_washer_head,R01_EQUIPMENT_FASTENER_KIT,7.94100375047909e-05,7.94100375047909e-05,0.0,7.94100375047909e-05,0.0,OCCT_DEFAULT_FACE_GAUSS_QUADRATURE,7.941003750478916e-05,-1.7291057474722037e-18,2.177439781926715e-14,48
R01_D_upper_-1_-150_washer_nut,R01_EQUIPMENT_FASTENER_KIT,7.94100375047909e-05,7.94100375047909e-05,0.0,7.94100375047909e-05,0.0,OCCT_DEFAULT_FACE_GAUSS_QUADRATURE,7.941003750478916e-05,-1.7291057474722037e-18,2.177439781926715e-14,49
R01_D_upper_-1_-50_nut,R01_EQUIPMENT_FASTENER_KIT,0.000360384425285063,0.000360384425285063,0.0,0.000360384425285063,0.0,OCCT_DEFAULT_FACE_GAUSS_QUADRATURE,0.0003603844252850681,5.0757620329022756e-18,1.4084299089471724e-14,50
R01_D_upper_-1_-50_screw,R01_EQUIPMENT_FASTENER_KIT,0.0011606105161033216,0.0011606105161033218,2.168404344971009e-19,0.0011606105161033218,2.168404344971009e-19,OCCT_DEFAULT_FACE_GAUSS_QUADRATURE,0.001160610516103283,-3.8598102491960155e-17,3.325672304051853e-14,51
R01_D_upper_-1_-50_washer_head,R01_EQUIPMENT_FASTENER_KIT,7.941003750479093e-05,7.941003750479093e-05,0.0,7.941003750479093e-05,0.0,OCCT_DEFAULT_FACE_GAUSS_QUADRATURE,7.941003750478915e-05,-1.7709389510400796e-18,2.2301197766507486e-14,52
R01_D_upper_-1_-50_washer_nut,R01_EQUIPMENT_FASTENER_KIT,7.941003750479093e-05,7.941003750479093e-05,0.0,7.941003750479093e-05,0.0,OCCT_DEFAULT_FACE_GAUSS_QUADRATURE,7.941003750478915e-05,-1.7709389510400796e-18,2.2301197766507486e-14,53
R01_D_upper_-1_140_nut,R01_EQUIPMENT_FASTENER_KIT,0.00036038442528506324,0.00036038442528506324,0.0,0.00036038442528506324,0.0,OCCT_DEFAULT_FACE_GAUSS_QUADRATURE,0.0003603844252850684,5.1315396376594435e-18,1.4239071606938437e-14,54
R01_D_upper_-1_140_screw,R01_EQUIPMENT_FASTENER_KIT,0.0011606105161033218,0.001160610516103322,2.168404344971009e-19,0.001160610516103322,2.168404344971009e-19,OCCT_DEFAULT_FACE_GAUSS_QUADRATURE,0.0011606105161032826,-3.949054416807485e-17,3.402566461370973e-14,55
R01_D_upper_-1_140_washer_head,R01_EQUIPMENT_FASTENER_KIT,7.94100375047909e-05,7.94100375047909e-05,0.0,7.94100375047909e-05,0.0,OCCT_DEFAULT_FACE_GAUSS_QUADRATURE,7.941003750478916e-05,-1.7291057474722037e-18,2.177439781926715e-14,56
R01_D_upper_-1_140_washer_nut,R01_EQUIPMENT_FASTENER_KIT,7.94100375047909e-05,7.94100375047909e-05,0.0,7.94100375047909e-05,0.0,OCCT_DEFAULT_FACE_GAUSS_QUADRATURE,7.941003750478916e-05,-1.7291057474722037e-18,2.177439781926715e-14,57
R01_D_upper_-1_50_nut,R01_EQUIPMENT_FASTENER_KIT,0.000360384425285063,0.000360384425285063,0.0,0.000360384425285063,0.0,OCCT_DEFAULT_FACE_GAUSS_QUADRATURE,0.0003603844252850681,5.0757620329022756e-18,1.4084299089471724e-14,58
R01_D_upper_-1_50_screw,R01_EQUIPMENT_FASTENER_KIT,0.0011606105161033216,0.0011606105161033218,2.168404344971009e-19,0.0011606105161033218,2.168404344971009e-19,OCCT_DEFAULT_FACE_GAUSS_QUADRATURE,0.0011606105161032826,-3.9044323330017504e-17,3.3641193827114136e-14,59
R01_D_upper_-1_50_washer_head,R01_EQUIPMENT_FASTENER_KIT,7.941003750479094e-05,7.941003750479094e-05,0.0,7.941003750479094e-05,0.0,OCCT_DEFAULT_FACE_GAUSS_QUADRATURE,7.941003750478916e-05,-1.7709389510400796e-18,2.2301197766507483e-14,60
R01_D_upper_-1_50_washer_nut,R01_EQUIPMENT_FASTENER_KIT,7.941003750479094e-05,7.941003750479094e-05,0.0,7.941003750479094e-05,0.0,OCCT_DEFAULT_FACE_GAUSS_QUADRATURE,7.941003750478916e-05,-1.7709389510400796e-18,2.2301197766507483e-14,61
R01_D_upper_1_-150_nut,R01_EQUIPMENT_FASTENER_KIT,0.0003603844252850632,0.0003603844252850632,0.0,0.0003603844252850632,0.0,OCCT_DEFAULT_FACE_GAUSS_QUADRATURE,0.00036038442528506834,5.1315396376594435e-18,1.4239071606938437e-14,62
R01_D_upper_1_-150_screw,R01_EQUIPMENT_FASTENER_KIT,0.0011606105161033218,0.001160610516103322,2.168404344971009e-19,0.001160610516103322,2.168404344971009e-19,OCCT_DEFAULT_FACE_GAUSS_QUADRATURE,0.0011606105161032826,-3.949054416807485e-17,3.402566461370973e-14,63
R01_D_upper_1_-150_washer_head,R01_EQUIPMENT_FASTENER_KIT,7.94100375047909e-05,7.94100375047909e-05,0.0,7.94100375047909e-05,0.0,OCCT_DEFAULT_FACE_GAUSS_QUADRATURE,7.941003750478916e-05,-1.7291057474722037e-18,2.177439781926715e-14,64
R01_D_upper_1_-150_washer_nut,R01_EQUIPMENT_FASTENER_KIT,7.94100375047909e-05,7.94100375047909e-05,0.0,7.94100375047909e-05,0.0,OCCT_DEFAULT_FACE_GAUSS_QUADRATURE,7.941003750478916e-05,-1.7291057474722037e-18,2.177439781926715e-14,65
R01_D_upper_1_-50_nut,R01_EQUIPMENT_FASTENER_KIT,0.00036038442528506297,0.00036038442528506297,0.0,0.00036038442528506297,0.0,OCCT_DEFAULT_FACE_GAUSS_QUADRATURE,0.0003603844252850681,5.1315396376594435e-18,1.4239071606938446e-14,66
R01_D_upper_1_-50_screw,R01_EQUIPMENT_FASTENER_KIT,0.0011606105161033216,0.0011606105161033218,2.168404344971009e-19,0.0011606105161033218,2.168404344971009e-19,OCCT_DEFAULT_FACE_GAUSS_QUADRATURE,0.0011606105161032828,-3.882121291098883e-17,3.344895843381634e-14,67
R01_D_upper_1_-50_washer_head,R01_EQUIPMENT_FASTENER_KIT,7.941003750479093e-05,7.941003750479093e-05,0.0,7.941003750479093e-05,0.0,OCCT_DEFAULT_FACE_GAUSS_QUADRATURE,7.941003750478916e-05,-1.7569945498507876e-18,2.212559778409404e-14,68
R01_D_upper_1_-50_washer_nut,R01_EQUIPMENT_FASTENER_KIT,7.941003750479093e-05,7.941003750479093e-05,0.0,7.941003750479093e-05,0.0,OCCT_DEFAULT_FACE_GAUSS_QUADRATURE,7.941003750478916e-05,-1.7569945498507876e-18,2.212559778409404e-14,69
R01_D_upper_1_140_nut,R01_EQUIPMENT_FASTENER_KIT,0.00036038442528506313,0.00036038442528506313,0.0,0.00036038442528506313,0.0,OCCT_DEFAULT_FACE_GAUSS_QUADRATURE,0.0003603844252850684,5.243094847173779e-18,1.454861664187188e-14,70
R01_D_upper_1_140_screw,R01_EQUIPMENT_FASTENER_KIT,0.0011606105161033218,0.001160610516103322,2.168404344971009e-19,0.001160610516103322,2.168404344971009e-19,OCCT_DEFAULT_FACE_GAUSS_QUADRATURE,0.0011606105161032826,-3.949054416807485e-17,3.402566461370973e-14,71
R01_D_upper_1_140_washer_head,R01_EQUIPMENT_FASTENER_KIT,7.94100375047909e-05,7.94100375047909e-05,0.0,7.94100375047909e-05,0.0,OCCT_DEFAULT_FACE_GAUSS_QUADRATURE,7.941003750478916e-05,-1.7291057474722037e-18,2.177439781926715e-14,72
R01_D_upper_1_140_washer_nut,R01_EQUIPMENT_FASTENER_KIT,7.94100375047909e-05,7.94100375047909e-05,0.0,7.94100375047909e-05,0.0,OCCT_DEFAULT_FACE_GAUSS_QUADRATURE,7.941003750478916e-05,-1.7291057474722037e-18,2.177439781926715e-14,73
R01_D_upper_1_50_nut,R01_EQUIPMENT_FASTENER_KIT,0.00036038442528506297,0.00036038442528506297,0.0,0.00036038442528506297,0.0,OCCT_DEFAULT_FACE_GAUSS_QUADRATURE,0.0003603844252850681,5.1315396376594435e-18,1.4239071606938446e-14,74
R01_D_upper_1_50_screw,R01_EQUIPMENT_FASTENER_KIT,0.0011606105161033216,0.0011606105161033218,2.168404344971009e-19,0.0011606105161033218,2.168404344971009e-19,OCCT_DEFAULT_FACE_GAUSS_QUADRATURE,0.0011606105161032828,-3.882121291098883e-17,3.344895843381634e-14,75
R01_D_upper_1_50_washer_head,R01_EQUIPMENT_FASTENER_KIT,7.941003750479093e-05,7.941003750479093e-05,0.0,7.941003750479093e-05,0.0,OCCT_DEFAULT_FACE_GAUSS_QUADRATURE,7.941003750478915e-05,-1.7709389510400796e-18,2.2301197766507486e-14,76
R01_D_upper_1_50_washer_nut,R01_EQUIPMENT_FASTENER_KIT,7.941003750479093e-05,7.941003750479093e-05,0.0,7.941003750479093e-05,0.0,OCCT_DEFAULT_FACE_GAUSS_QUADRATURE,7.941003750478915e-05,-1.7709389510400796e-18,2.2301197766507486e-14,77
R01_W_lower_-1_-130_nut,R01_EQUIPMENT_FASTENER_KIT,0.0003603844252850636,0.0003603844252850636,0.0,0.0003603844252850636,0.0,OCCT_DEFAULT_FACE_GAUSS_QUADRATURE,0.00036038442528506855,4.96420682338794e-18,1.3774754054538262e-14,78
R01_W_lower_-1_-130_screw,R01_EQUIPMENT_FASTENER_KIT,0.0010496337556152593,0.0010496337556152593,0.0,0.0010496337556152593,0.0,OCCT_DEFAULT_FACE_GAUSS_QUADRATURE,0.0010496337556152229,-3.6366998301673447e-17,3.4647321608247653e-14,79
R01_W_lower_-1_-130_washer_head,R01_EQUIPMENT_FASTENER_KIT,7.941003750479102e-05,7.941003750479102e-05,0.0,7.941003750479102e-05,0.0,OCCT_DEFAULT_FACE_GAUSS_QUADRATURE,7.94100375047892e-05,-1.8127721546079555e-18,2.2827997713747804e-14,80
R01_W_lower_-1_-130_washer_nut,R01_EQUIPMENT_FASTENER_KIT,7.941003750479102e-05,7.941003750479102e-05,0.0,7.941003750479102e-05,0.0,OCCT_DEFAULT_FACE_GAUSS_QUADRATURE,7.941003750478919e-05,-1.8267165557972474e-18,2.3003597696161253e-14,81
R01_W_lower_-1_-70_nut,R01_EQUIPMENT_FASTENER_KIT,0.00036038442528506356,0.00036038442528506356,0.0,0.00036038442528506356,0.0,OCCT_DEFAULT_FACE_GAUSS_QUADRATURE,0.00036038442528506844,4.908429218630772e-18,1.3619981537071545e-14,82
R01_W_lower_-1_-70_screw,R01_EQUIPMENT_FASTENER_KIT,0.001049633755615259,0.001049633755615259,0.0,0.001049633755615259,0.0,OCCT_DEFAULT_FACE_GAUSS_QUADRATURE,0.0010496337556152235,-3.547455662555876e-17,3.379708058718634e-14,83
R01_W_lower_-1_-70_washer_head,R01_EQUIPMENT_FASTENER_KIT,7.941003750479094e-05,7.941003750479094e-05,0.0,7.941003750479094e-05,0.0,OCCT_DEFAULT_FACE_GAUSS_QUADRATURE,7.941003750478918e-05,-1.7569945498507876e-18,2.2125597784094034e-14,84
R01_W_lower_-1_-70_washer_nut,R01_EQUIPMENT_FASTENER_KIT,7.941003750479094e-05,7.941003750479094e-05,0.0,7.941003750479094e-05,0.0,OCCT_DEFAULT_FACE_GAUSS_QUADRATURE,7.941003750478916e-05,-1.7709389510400796e-18,2.2301197766507483e-14,85
R01_W_lower_-1_130_nut,R01_EQUIPMENT_FASTENER_KIT,0.0003603844252850636,0.0003603844252850636,0.0,0.0003603844252850636,0.0,OCCT_DEFAULT_FACE_GAUSS_QUADRATURE,0.00036038442528506855,4.96420682338794e-18,1.3774754054538262e-14,86
R01_W_lower_-1_130_screw,R01_EQUIPMENT_FASTENER_KIT,0.001049633755615259,0.001049633755615259,0.0,0.001049633755615259,0.0,OCCT_DEFAULT_FACE_GAUSS_QUADRATURE,0.0010496337556152226,-3.6366998301673447e-17,3.464732160824766e-14,87
R01_W_lower_-1_130_washer_head,R01_EQUIPMENT_FASTENER_KIT,7.941003750479097e-05,7.941003750479095e-05,-1.3552527156068805e-20,7.941003750479095e-05,-1.3552527156068805e-20,OCCT_DEFAULT_FACE_GAUSS_QUADRATURE,7.941003750478922e-05,-1.743050148661496e-18,2.1949997801680578e-14,88
R01_W_lower_-1_130_washer_nut,R01_EQUIPMENT_FASTENER_KIT,7.941003750479097e-05,7.941003750479095e-05,-1.3552527156068805e-20,7.941003750479095e-05,-1.3552527156068805e-20,OCCT_DEFAULT_FACE_GAUSS_QUADRATURE,7.941003750478919e-05,-1.7709389510400796e-18,2.2301197766507474e-14,89
R01_W_lower_-1_60_nut,R01_EQUIPMENT_FASTENER_KIT,0.00036038442528506356,0.00036038442528506356,0.0,0.00036038442528506356,0.0,OCCT_DEFAULT_FACE_GAUSS_QUADRATURE,0.00036038442528506844,4.908429218630772e-18,1.3619981537071545e-14,90
R01_W_lower_-1_60_screw,R01_EQUIPMENT_FASTENER_KIT,0.0010496337556152593,0.0010496337556152593,0.0,0.0010496337556152593,0.0,OCCT_DEFAULT_FACE_GAUSS_QUADRATURE,0.001049633755615224,-3.547455662555876e-17,3.379708058718633e-14,91
R01_W_lower_-1_60_washer_head,R01_EQUIPMENT_FASTENER_KIT,7.941003750479095e-05,7.941003750479094e-05,-1.3552527156068805e-20,7.941003750479094e-05,-1.3552527156068805e-20,OCCT_DEFAULT_FACE_GAUSS_QUADRATURE,7.941003750478919e-05,-1.7569945498507876e-18,2.212559778409403e-14,92
R01_W_lower_-1_60_washer_nut,R01_EQUIPMENT_FASTENER_KIT,7.941003750479095e-05,7.941003750479094e-05,-1.3552527156068805e-20,7.941003750479094e-05,-1.3552527156068805e-20,OCCT_DEFAULT_FACE_GAUSS_QUADRATURE,7.941003750478918e-05,-1.7709389510400796e-18,2.230119776650748e-14,93
R01_W_lower_1_-130_nut,R01_EQUIPMENT_FASTENER_KIT,0.0003603844252850636,0.0003603844252850636,0.0,0.0003603844252850636,0.0,OCCT_DEFAULT_FACE_GAUSS_QUADRATURE,0.0003603844252850686,5.019984428145108e-18,1.3929526572004982e-14,94
R01_W_lower_1_-130_screw,R01_EQUIPMENT_FASTENER_KIT,0.0010496337556152593,0.0010496337556152593,0.0,0.0010496337556152593,0.0,OCCT_DEFAULT_FACE_GAUSS_QUADRATURE,0.0010496337556152229,-3.6366998301673447e-17,3.4647321608247653e-14,95
R01_W_lower_1_-130_washer_head,R01_EQUIPMENT_FASTENER_KIT,7.941003750479102e-05,7.941003750479102e-05,0.0,7.941003750479102e-05,0.0,OCCT_DEFAULT_FACE_GAUSS_QUADRATURE,7.94100375047892e-05,-1.8127721546079555e-18,2.2827997713747804e-14,96
R01_W_lower_1_-130_washer_nut,R01_EQUIPMENT_FASTENER_KIT,7.941003750479102e-05,7.941003750479102e-05,0.0,7.941003750479102e-05,0.0,OCCT_DEFAULT_FACE_GAUSS_QUADRATURE,7.941003750478919e-05,-1.8267165557972474e-18,2.3003597696161253e-14,97
R01_W_lower_1_-70_nut,R01_EQUIPMENT_FASTENER_KIT,0.00036038442528506356,0.00036038442528506356,0.0,0.00036038442528506356,0.0,OCCT_DEFAULT_FACE_GAUSS_QUADRATURE,0.00036038442528506844,4.908429218630772e-18,1.3619981537071545e-14,98
R01_W_lower_1_-70_screw,R01_EQUIPMENT_FASTENER_KIT,0.001049633755615259,0.001049633755615259,0.0,0.001049633755615259,0.0,OCCT_DEFAULT_FACE_GAUSS_QUADRATURE,0.0010496337556152233,-3.569766704458743e-17,3.4009640842451666e-14,99
R01_W_lower_1_-70_washer_head,R01_EQUIPMENT_FASTENER_KIT,7.941003750479094e-05,7.941003750479094e-05,0.0,7.941003750479094e-05,0.0,OCCT_DEFAULT_FACE_GAUSS_QUADRATURE,7.941003750478918e-05,-1.7569945498507876e-18,2.2125597784094034e-14,100
R01_W_lower_1_-70_washer_nut,R01_EQUIPMENT_FASTENER_KIT,7.941003750479094e-05,7.941003750479094e-05,0.0,7.941003750479094e-05,0.0,OCCT_DEFAULT_FACE_GAUSS_QUADRATURE,7.941003750478916e-05,-1.7709389510400796e-18,2.2301197766507483e-14,101
R01_W_lower_1_130_nut,R01_EQUIPMENT_FASTENER_KIT,0.0003603844252850636,0.0003603844252850636,0.0,0.0003603844252850636,0.0,OCCT_DEFAULT_FACE_GAUSS_QUADRATURE,0.0003603844252850686,5.019984428145108e-18,1.3929526572004982e-14,102
R01_W_lower_1_130_screw,R01_EQUIPMENT_FASTENER_KIT,0.0010496337556152593,0.0010496337556152593,0.0,0.0010496337556152593,0.0,OCCT_DEFAULT_FACE_GAUSS_QUADRATURE,0.0010496337556152226,-3.659010872070212e-17,3.485988186351298e-14,103
R01_W_lower_1_130_washer_head,R01_EQUIPMENT_FASTENER_KIT,7.941003750479097e-05,7.941003750479095e-05,-1.3552527156068805e-20,7.941003750479095e-05,-1.3552527156068805e-20,OCCT_DEFAULT_FACE_GAUSS_QUADRATURE,7.941003750478922e-05,-1.743050148661496e-18,2.1949997801680578e-14,104
R01_W_lower_1_130_washer_nut,R01_EQUIPMENT_FASTENER_KIT,7.941003750479097e-05,7.941003750479095e-05,-1.3552527156068805e-20,7.941003750479095e-05,-1.3552527156068805e-20,OCCT_DEFAULT_FACE_GAUSS_QUADRATURE,7.941003750478919e-05,-1.7709389510400796e-18,2.2301197766507474e-14,105
R01_W_lower_1_60_nut,R01_EQUIPMENT_FASTENER_KIT,0.0003603844252850636,0.0003603844252850636,0.0,0.0003603844252850636,0.0,OCCT_DEFAULT_FACE_GAUSS_QUADRATURE,0.00036038442528506844,4.852651613873604e-18,1.3465209019604823e-14,106
R01_W_lower_1_60_screw,R01_EQUIPMENT_FASTENER_KIT,0.0010496337556152595,0.0010496337556152595,0.0,0.0010496337556152595,0.0,OCCT_DEFAULT_FACE_GAUSS_QUADRATURE,0.0010496337556152235,-3.59207774636161e-17,3.422220109771698e-14,107
R01_W_lower_1_60_washer_head,R01_EQUIPMENT_FASTENER_KIT,7.941003750479095e-05,7.941003750479094e-05,-1.3552527156068805e-20,7.941003750479094e-05,-1.3552527156068805e-20,OCCT_DEFAULT_FACE_GAUSS_QUADRATURE,7.941003750478919e-05,-1.7569945498507876e-18,2.212559778409403e-14,108
R01_W_lower_1_60_washer_nut,R01_EQUIPMENT_FASTENER_KIT,7.941003750479095e-05,7.941003750479094e-05,-1.3552527156068805e-20,7.941003750479094e-05,-1.3552527156068805e-20,OCCT_DEFAULT_FACE_GAUSS_QUADRATURE,7.941003750478918e-05,-1.7709389510400796e-18,2.230119776650748e-14,109
R01_W_upper_-1_-130_nut,R01_EQUIPMENT_FASTENER_KIT,0.00036038442528506356,0.00036038442528506356,0.0,0.00036038442528506356,0.0,OCCT_DEFAULT_FACE_GAUSS_QUADRATURE,0.0003603844252850687,5.1315396376594435e-18,1.4239071606938424e-14,110
R01_W_upper_-1_-130_screw,R01_EQUIPMENT_FASTENER_KIT,0.0010496337556152593,0.0010496337556152593,0.0,0.0010496337556152593,0.0,OCCT_DEFAULT_FACE_GAUSS_QUADRATURE,0.0010496337556152226,-3.659010872070212e-17,3.485988186351298e-14,111
R01_W_upper_-1_-130_washer_head,R01_EQUIPMENT_FASTENER_KIT,7.941003750479102e-05,7.941003750479102e-05,0.0,7.941003750479102e-05,0.0,OCCT_DEFAULT_FACE_GAUSS_QUADRATURE,7.941003750478915e-05,-1.8685497593651233e-18,2.35303976434016e-14,112
R01_W_upper_-1_-130_washer_nut,R01_EQUIPMENT_FASTENER_KIT,7.941003750479102e-05,7.941003750479102e-05,0.0,7.941003750479102e-05,0.0,OCCT_DEFAULT_FACE_GAUSS_QUADRATURE,7.941003750478914e-05,-1.8824941605544153e-18,2.370599762581505e-14,113
R01_W_upper_-1_-70_nut,R01_EQUIPMENT_FASTENER_KIT,0.0003603844252850634,0.00036038442528506346,5.421010862427522e-20,0.00036038442528506346,5.421010862427522e-20,OCCT_DEFAULT_FACE_GAUSS_QUADRATURE,0.0003603844252850685,5.0757620329022756e-18,1.4084299089471708e-14,114
R01_W_upper_-1_-70_screw,R01_EQUIPMENT_FASTENER_KIT,0.001049633755615259,0.001049633755615259,0.0,0.001049633755615259,0.0,OCCT_DEFAULT_FACE_GAUSS_QUADRATURE,0.0010496337556152233,-3.569766704458743e-17,3.4009640842451666e-14,115
R01_W_upper_-1_-70_washer_head,R01_EQUIPMENT_FASTENER_KIT,7.941003750479094e-05,7.941003750479094e-05,0.0,7.941003750479094e-05,0.0,OCCT_DEFAULT_FACE_GAUSS_QUADRATURE,7.941003750478918e-05,-1.7569945498507876e-18,2.2125597784094034e-14,116
R01_W_upper_-1_-70_washer_nut,R01_EQUIPMENT_FASTENER_KIT,7.941003750479094e-05,7.941003750479094e-05,0.0,7.941003750479094e-05,0.0,OCCT_DEFAULT_FACE_GAUSS_QUADRATURE,7.941003750478915e-05,-1.7848833522293715e-18,2.2476797748920933e-14,117
R01_W_upper_-1_130_nut,R01_EQUIPMENT_FASTENER_KIT,0.00036038442528506346,0.0003603844252850635,5.421010862427522e-20,0.0003603844252850635,5.421010862427522e-20,OCCT_DEFAULT_FACE_GAUSS_QUADRATURE,0.0003603844252850687,5.187317242416611e-18,1.4393844124405146e-14,118
R01_W_upper_-1_130_screw,R01_EQUIPMENT_FASTENER_KIT,0.0010496337556152593,0.0010496337556152593,0.0,0.0010496337556152593,0.0,OCCT_DEFAULT_FACE_GAUSS_QUADRATURE,0.0010496337556152226,-3.659010872070212e-17,3.485988186351298e-14,119
R01_W_upper_-1_130_washer_head,R01_EQUIPMENT_FASTENER_KIT,7.941003750479097e-05,7.941003750479095e-05,-1.3552527156068805e-20,7.941003750479095e-05,-1.3552527156068805e-20,OCCT_DEFAULT_FACE_GAUSS_QUADRATURE,7.941003750478918e-05,-1.7848833522293715e-18,2.2476797748920923e-14,120
R01_W_upper_-1_130_washer_nut,R01_EQUIPMENT_FASTENER_KIT,7.941003750479097e-05,7.941003750479095e-05,-1.3552527156068805e-20,7.941003750479095e-05,-1.3552527156068805e-20,OCCT_DEFAULT_FACE_GAUSS_QUADRATURE,7.941003750478916e-05,-1.7988277534186635e-18,2.2652397731334373e-14,121
R01_W_upper_-1_60_nut,R01_EQUIPMENT_FASTENER_KIT,0.00036038442528506356,0.00036038442528506356,0.0,0.00036038442528506356,0.0,OCCT_DEFAULT_FACE_GAUSS_QUADRATURE,0.0003603844252850685,4.96420682338794e-18,1.3774754054538265e-14,122
R01_W_upper_-1_60_screw,R01_EQUIPMENT_FASTENER_KIT,0.0010496337556152593,0.0010496337556152593,0.0,0.0010496337556152593,0.0,OCCT_DEFAULT_FACE_GAUSS_QUADRATURE,0.0010496337556152235,-3.569766704458743e-17,3.400964084245166e-14,123
R01_W_upper_-1_60_washer_head,R01_EQUIPMENT_FASTENER_KIT,7.941003750479095e-05,7.941003750479094e-05,-1.3552527156068805e-20,7.941003750479094e-05,-1.3552527156068805e-20,OCCT_DEFAULT_FACE_GAUSS_QUADRATURE,7.941003750478918e-05,-1.7709389510400796e-18,2.230119776650748e-14,124
R01_W_upper_-1_60_washer_nut,R01_EQUIPMENT_FASTENER_KIT,7.941003750479095e-05,7.941003750479094e-05,-1.3552527156068805e-20,7.941003750479094e-05,-1.3552527156068805e-20,OCCT_DEFAULT_FACE_GAUSS_QUADRATURE,7.941003750478916e-05,-1.7848833522293715e-18,2.2476797748920927e-14,125
R01_W_upper_1_-130_nut,R01_EQUIPMENT_FASTENER_KIT,0.00036038442528506356,0.00036038442528506356,0.0,0.00036038442528506356,0.0,OCCT_DEFAULT_FACE_GAUSS_QUADRATURE,0.0003603844252850687,5.1315396376594435e-18,1.4239071606938424e-14,126
R01_W_upper_1_-130_screw,R01_EQUIPMENT_FASTENER_KIT,0.0010496337556152593,0.0010496337556152593,0.0,0.0010496337556152593,0.0,OCCT_DEFAULT_FACE_GAUSS_QUADRATURE,0.0010496337556152226,-3.659010872070212e-17,3.485988186351298e-14,127
R01_W_upper_1_-130_washer_head,R01_EQUIPMENT_FASTENER_KIT,7.941003750479101e-05,7.941003750479101e-05,0.0,7.941003750479101e-05,0.0,OCCT_DEFAULT_FACE_GAUSS_QUADRATURE,7.941003750478916e-05,-1.8406609569865394e-18,2.3179197678574706e-14,128
R01_W_upper_1_-130_washer_nut,R01_EQUIPMENT_FASTENER_KIT,7.941003750479101e-05,7.941003750479101e-05,0.0,7.941003750479101e-05,0.0,OCCT_DEFAULT_FACE_GAUSS_QUADRATURE,7.941003750478914e-05,-1.8685497593651233e-18,2.3530397643401606e-14,129
R01_W_upper_1_-70_nut,R01_EQUIPMENT_FASTENER_KIT,0.00036038442528506335,0.00036038442528506335,0.0,0.00036038442528506335,0.0,OCCT_DEFAULT_FACE_GAUSS_QUADRATURE,0.0003603844252850685,5.1315396376594435e-18,1.423907160693843e-14,130
R01_W_upper_1_-70_screw,R01_EQUIPMENT_FASTENER_KIT,0.001049633755615259,0.001049633755615259,0.0,0.001049633755615259,0.0,OCCT_DEFAULT_FACE_GAUSS_QUADRATURE,0.0010496337556152233,-3.569766704458743e-17,3.4009640842451666e-14,131
R01_W_upper_1_-70_washer_head,R01_EQUIPMENT_FASTENER_KIT,7.941003750479094e-05,7.941003750479094e-05,0.0,7.941003750479094e-05,0.0,OCCT_DEFAULT_FACE_GAUSS_QUADRATURE,7.941003750478918e-05,-1.7569945498507876e-18,2.2125597784094034e-14,132
R01_W_upper_1_-70_washer_nut,R01_EQUIPMENT_FASTENER_KIT,7.941003750479094e-05,7.941003750479094e-05,0.0,7.941003750479094e-05,0.0,OCCT_DEFAULT_FACE_GAUSS_QUADRATURE,7.941003750478915e-05,-1.7848833522293715e-18,2.2476797748920933e-14,133
R01_W_upper_1_130_nut,R01_EQUIPMENT_FASTENER_KIT,0.00036038442528506346,0.0003603844252850635,5.421010862427522e-20,0.0003603844252850635,5.421010862427522e-20,OCCT_DEFAULT_FACE_GAUSS_QUADRATURE,0.0003603844252850687,5.187317242416611e-18,1.4393844124405146e-14,134
R01_W_upper_1_130_screw,R01_EQUIPMENT_FASTENER_KIT,0.0010496337556152593,0.0010496337556152593,0.0,0.0010496337556152593,0.0,OCCT_DEFAULT_FACE_GAUSS_QUADRATURE,0.0010496337556152226,-3.659010872070212e-17,3.485988186351298e-14,135
R01_W_upper_1_130_washer_head,R01_EQUIPMENT_FASTENER_KIT,7.941003750479097e-05,7.941003750479095e-05,-1.3552527156068805e-20,7.941003750479095e-05,-1.3552527156068805e-20,OCCT_DEFAULT_FACE_GAUSS_QUADRATURE,7.941003750478919e-05,-1.7709389510400796e-18,2.2301197766507474e-14,136
R01_W_upper_1_130_washer_nut,R01_EQUIPMENT_FASTENER_KIT,7.941003750479097e-05,7.941003750479095e-05,-1.3552527156068805e-20,7.941003750479095e-05,-1.3552527156068805e-20,OCCT_DEFAULT_FACE_GAUSS_QUADRATURE,7.941003750478916e-05,-1.7988277534186635e-18,2.2652397731334373e-14,137
R01_W_upper_1_60_nut,R01_EQUIPMENT_FASTENER_KIT,0.00036038442528506346,0.0003603844252850635,5.421010862427522e-20,0.0003603844252850635,5.421010862427522e-20,OCCT_DEFAULT_FACE_GAUSS_QUADRATURE,0.0003603844252850685,5.019984428145108e-18,1.3929526572004987e-14,138
R01_W_upper_1_60_screw,R01_EQUIPMENT_FASTENER_KIT,0.0010496337556152593,0.0010496337556152593,0.0,0.0010496337556152593,0.0,OCCT_DEFAULT_FACE_GAUSS_QUADRATURE,0.0010496337556152235,-3.569766704458743e-17,3.400964084245166e-14,139
R01_W_upper_1_60_washer_head,R01_EQUIPMENT_FASTENER_KIT,7.941003750479095e-05,7.941003750479094e-05,-1.3552527156068805e-20,7.941003750479094e-05,-1.3552527156068805e-20,OCCT_DEFAULT_FACE_GAUSS_QUADRATURE,7.941003750478919e-05,-1.7569945498507876e-18,2.212559778409403e-14,140
R01_W_upper_1_60_washer_nut,R01_EQUIPMENT_FASTENER_KIT,7.941003750479095e-05,7.941003750479094e-05,-1.3552527156068805e-20,7.941003750479094e-05,-1.3552527156068805e-20,OCCT_DEFAULT_FACE_GAUSS_QUADRATURE,7.941003750478916e-05,-1.7848833522293715e-18,2.2476797748920927e-14,141
R07_upper_cap_160_-1,R07_ROOT_METAL_CAPS,0.00256115013249746,0.00256115013249746,0.0,0.00256115013249746,0.0,OCCT_DEFAULT_FACE_GAUSS_QUADRATURE,0.0025611501324974673,7.059952622512356e-18,2.7565555540580314e-15,142
R07_upper_cap_160_1,R07_ROOT_METAL_CAPS,0.00256115013249746,0.00256115013249746,0.0,0.00256115013249746,0.0,OCCT_DEFAULT_FACE_GAUSS_QUADRATURE,0.0025611501324974673,7.059952622512356e-18,2.7565555540580314e-15,143
R07_upper_cap_20_-1,R07_ROOT_METAL_CAPS,0.002561150132497458,0.002561150132497458,0.0,0.002561150132497458,0.0,OCCT_DEFAULT_FACE_GAUSS_QUADRATURE,0.002561150132497467,8.594724931754173e-18,3.3558067614619515e-15,144
R07_upper_cap_20_1,R07_ROOT_METAL_CAPS,0.0025611501324974578,0.0025611501324974578,0.0,0.0025611501324974578,0.0,OCCT_DEFAULT_FACE_GAUSS_QUADRATURE,0.002561150132497467,8.901679393602536e-18,3.4756570029427355e-15,145
RB_end_frame_-1,ROOT_FRAME_METAL,0.16560908052998966,0.16560908052998966,0.0,0.16560908052998966,0.0,OCCT_DEFAULT_FACE_GAUSS_QUADRATURE,0.16560908052998974,7.8580342233181e-17,4.74492956435146e-16,146
RB_end_frame_1,ROOT_FRAME_METAL,0.16560908052998966,0.16560908052998966,0.0,0.16560908052998966,0.0,OCCT_DEFAULT_FACE_GAUSS_QUADRATURE,0.16560908052998974,7.8580342233181e-17,4.74492956435146e-16,146
RB_end_plug_-1_-1_-1,ROOT_FRAME_METAL,0.002584907503737639,0.0025849075037376393,4.336808689942018e-19,0.0025849075037376393,4.336808689942018e-19,OCCT_DEFAULT_FACE_GAUSS_QUADRATURE,0.0025849121671808035,4.663443164406545e-09,1.804101208395278e-06,147
RB_end_plug_-1_-1_1,ROOT_FRAME_METAL,0.002584907503737639,0.0025849075037376393,4.336808689942018e-19,0.0025849075037376393,4.336808689942018e-19,OCCT_DEFAULT_FACE_GAUSS_QUADRATURE,0.0025849121671808035,4.663443164406545e-09,1.804101208395278e-06,147
RB_end_plug_-1_1_-1,ROOT_FRAME_METAL,0.002584907503737639,0.0025849075037376393,4.336808689942018e-19,0.0025849075037376393,4.336808689942018e-19,OCCT_DEFAULT_FACE_GAUSS_QUADRATURE,0.0025849121671808035,4.663443164406545e-09,1.804101208395278e-06,147
RB_end_plug_-1_1_1,ROOT_FRAME_METAL,0.002584907503737639,0.0025849075037376393,4.336808689942018e-19,0.0025849075037376393,4.336808689942018e-19,OCCT_DEFAULT_FACE_GAUSS_QUADRATURE,0.0025849121671808035,4.663443164406545e-09,1.804101208395278e-06,147
RB_end_plug_1_-1_-1,ROOT_FRAME_METAL,0.002584907105323995,0.0025849071053239956,4.336808689942018e-19,0.0025849071053239956,4.336808689942018e-19,OCCT_DEFAULT_FACE_GAUSS_QUADRATURE,0.0025849121671764103,5.061852415212798e-09,1.9582299466453575e-06,148
RB_end_plug_1_-1_1,ROOT_FRAME_METAL,0.002584907105323995,0.0025849071053239956,4.336808689942018e-19,0.0025849071053239956,4.336808689942018e-19,OCCT_DEFAULT_FACE_GAUSS_QUADRATURE,0.0025849121671764103,5.061852415212798e-09,1.9582299466453575e-06,148
RB_end_plug_1_1_-1,ROOT_FRAME_METAL,0.002584907105323995,0.0025849071053239956,4.336808689942018e-19,0.0025849071053239956,4.336808689942018e-19,OCCT_DEFAULT_FACE_GAUSS_QUADRATURE,0.0025849121671764103,5.061852415212798e-09,1.9582299466453575e-06,148
RB_end_plug_1_1_1,ROOT_FRAME_METAL,0.002584907105323995,0.0025849071053239956,4.336808689942018e-19,0.0025849071053239956,4.336808689942018e-19,OCCT_DEFAULT_FACE_GAUSS_QUADRATURE,0.0025849121671764103,5.061852415212798e-09,1.9582299466453575e-06,148
RB_longeron_-1_-1,ROOT_FRAME_METAL,0.07516425714576416,0.07516425714576416,0.0,0.07516425714576416,0.0,OCCT_DEFAULT_FACE_GAUSS_QUADRATURE,0.07516425714576412,-4.911271389573812e-17,6.534051657092159e-16,149
RB_longeron_-1_1,ROOT_FRAME_METAL,0.07501683476890202,0.07501683476890202,0.0,0.07501683476890202,0.0,OCCT_DEFAULT_FACE_GAUSS_QUADRATURE,0.07501683476890175,-2.7503119781613353e-16,3.66625969575229e-15,150
RB_longeron_1_-1,ROOT_FRAME_METAL,0.07516425714576419,0.07516425714576419,0.0,0.07516425714576419,0.0,OCCT_DEFAULT_FACE_GAUSS_QUADRATURE,0.07516425714576419,-9.822542779147625e-18,1.306810331418431e-16,151
RB_longeron_1_1,ROOT_FRAME_METAL,0.07501683476890202,0.07501683476890202,0.0,0.07501683476890202,0.0,OCCT_DEFAULT_FACE_GAUSS_QUADRATURE,0.0750168347689018,-2.35741026699543e-16,3.1425083106448182e-15,152
RB_lower_beam_160,ROOT_FRAME_METAL,0.04536634026499492,0.04536634026499493,6.938893903907228e-18,0.04536634026499493,6.938893903907228e-18,OCCT_DEFAULT_FACE_GAUSS_QUADRATURE,0.04536634026499495,1.964508555829525e-17,4.330321873782172e-16,153
RB_lower_beam_20,ROOT_FRAME_METAL,0.04536634026499492,0.04536634026499493,6.938893903907228e-18,0.04536634026499493,6.938893903907228e-18,OCCT_DEFAULT_FACE_GAUSS_QUADRATURE,0.04536634026499495,1.964508555829525e-17,4.330321873782172e-16,153
RB_lower_spacer_0,ROOT_FRAME_METAL,0.002496350132497458,0.0024963501324974584,4.336808689942018e-19,0.0024963501324974584,4.336808689942018e-19,OCCT_DEFAULT_FACE_GAUSS_QUADRATURE,0.0024963501324974666,8.594724931754173e-18,3.4429164482450233e-15,154
RB_lower_spacer_1,ROOT_FRAME_METAL,0.002496350132497458,0.0024963501324974584,4.336808689942018e-19,0.0024963501324974584,4.336808689942018e-19,OCCT_DEFAULT_FACE_GAUSS_QUADRATURE,0.002496350132497467,8.901679393602536e-18,3.56587774996806e-15,155
RB_lower_spacer_2,ROOT_FRAME_METAL,0.0024963501324974597,0.0024963501324974597,0.0,0.0024963501324974597,0.0,OCCT_DEFAULT_FACE_GAUSS_QUADRATURE,0.002496350132497467,7.366907084360719e-18,2.951071241352877e-15,156
RB_lower_spacer_3,ROOT_FRAME_METAL,0.0024963501324974597,0.0024963501324974597,0.0,0.0024963501324974597,0.0,OCCT_DEFAULT_FACE_GAUSS_QUADRATURE,0.002496350132497467,7.366907084360719e-18,2.951071241352877e-15,157
RB_pillar_0,ROOT_FRAME_METAL,0.05010336,0.050103360000000007,6.938893903907228e-18,0.050103360000000007,6.938893903907228e-18,OCCT_DEFAULT_FACE_GAUSS_QUADRATURE,0.05010336000000001,9.822542779147625e-18,1.960455901390171e-16,158
RB_pillar_1,ROOT_FRAME_METAL,0.05010336,0.050103360000000007,6.938893903907228e-18,0.050103360000000007,6.938893903907228e-18,OCCT_DEFAULT_FACE_GAUSS_QUADRATURE,0.05010336000000001,9.822542779147625e-18,1.960455901390171e-16,158
RB_pillar_2,ROOT_FRAME_METAL,0.05010336,0.050103360000000007,6.938893903907228e-18,0.050103360000000007,6.938893903907228e-18,OCCT_DEFAULT_FACE_GAUSS_QUADRATURE,0.05010336000000001,9.822542779147625e-18,1.960455901390171e-16,158
RB_pillar_3,ROOT_FRAME_METAL,0.05010336,0.050103360000000007,6.938893903907228e-18,0.050103360000000007,6.938893903907228e-18,OCCT_DEFAULT_FACE_GAUSS_QUADRATURE,0.05010336000000001,9.822542779147625e-18,1.960455901390171e-16,158
RB_pillar_plug_0_bottom,ROOT_FRAME_METAL,0.0035469656866598883,0.0035469656866598883,0.0,0.0035469656866598883,0.0,OCCT_DEFAULT_FACE_GAUSS_QUADRATURE,0.003546965686659912,2.394244802417234e-17,6.75012112866486e-15,159
RB_pillar_plug_0_top,ROOT_FRAME_METAL,0.0035469656866598883,0.0035469656866598883,0.0,0.0035469656866598883,0.0,OCCT_DEFAULT_FACE_GAUSS_QUADRATURE,0.003546965686659912,2.394244802417234e-17,6.75012112866486e-15,159
RB_pillar_plug_1_bottom,ROOT_FRAME_METAL,0.0035469656866598883,0.0035469656866598883,0.0,0.0035469656866598883,0.0,OCCT_DEFAULT_FACE_GAUSS_QUADRATURE,0.003546965686659912,2.394244802417234e-17,6.75012112866486e-15,159
RB_pillar_plug_1_top,ROOT_FRAME_METAL,0.0035469656866598883,0.0035469656866598883,0.0,0.0035469656866598883,0.0,OCCT_DEFAULT_FACE_GAUSS_QUADRATURE,0.003546965686659912,2.394244802417234e-17,6.75012112866486e-15,159
RB_pillar_plug_2_bottom,ROOT_FRAME_METAL,0.0035469656866598883,0.0035469656866598883,0.0,0.0035469656866598883,0.0,OCCT_DEFAULT_FACE_GAUSS_QUADRATURE,0.003546965686659912,2.394244802417234e-17,6.75012112866486e-15,159
RB_pillar_plug_2_top,ROOT_FRAME_METAL,0.0035469656866598883,0.0035469656866598883,0.0,0.0035469656866598883,0.0,OCCT_DEFAULT_FACE_GAUSS_QUADRATURE,0.003546965686659912,2.394244802417234e-17,6.75012112866486e-15,159
RB_pillar_plug_3_bottom,ROOT_FRAME_METAL,0.0035469656866598883,0.0035469656866598883,0.0,0.0035469656866598883,0.0,OCCT_DEFAULT_FACE_GAUSS_QUADRATURE,0.003546965686659912,2.394244802417234e-17,6.75012112866486e-15,159
RB_pillar_plug_3_top,ROOT_FRAME_METAL,0.0035469656866598883,0.0035469656866598883,0.0,0.0035469656866598883,0.0,OCCT_DEFAULT_FACE_GAUSS_QUADRATURE,0.003546965686659912,2.394244802417234e-17,6.75012112866486e-15,159
RB_upper_beam_160,ROOT_FRAME_METAL,0.08851574655894578,0.08851574655894578,0.0,0.08851574655894578,0.0,OCCT_DEFAULT_FACE_GAUSS_QUADRATURE,0.08851574655894584,5.893525667488575e-17,6.658166367679973e-16,160
RB_upper_beam_20,ROOT_FRAME_METAL,0.08851574655894578,0.08851574655894578,0.0,0.08851574655894578,0.0,OCCT_DEFAULT_FACE_GAUSS_QUADRATURE,0.08851574655894584,5.893525667488575e-17,6.658166367679973e-16,160
WP01-MT-M3RA-REUSED,ROOT_FRAME_METAL,0.3450189608989678,0.34501896089896783,5.551115123125783e-17,0.34501896089896783,5.551115123125783e-17,OCCT_DEFAULT_FACE_GAUSS_QUADRATURE,0.34501896089896733,-4.71482053399086e-16,1.3665395437126459e-15,161
WP01-MT-M3RB-REUSED,ROOT_FRAME_METAL,0.4373082870146954,0.43730828701469543,5.551115123125783e-17,0.43730828701469543,5.551115123125783e-17,OCCT_DEFAULT_FACE_GAUSS_QUADRATURE,0.43730828701460905,-8.635979611426592e-14,1.9748035580076013e-13,162
WP01-RB-BRIDGE-R2,ROOT_FRAME_METAL,0.5145966521960894,0.5145966521960895,1.1102230246251565e-16,0.5145966521960895,1.1102230246251565e-16,OCCT_DEFAULT_FACE_GAUSS_QUADRATURE,0.5145966521960904,9.42964106798172e-16,1.832433426789666e-15,163
WP09F_front_service_cover_GSE,COVERS_AND_GSE_FRONT_PANEL,0.2446301886834112,0.2446301886833368,-7.438494264988549e-14,0.2446301886833368,-7.438494264988549e-14,OCCT_DEFAULT_FACE_GAUSS_QUADRATURE,0.24463018868333833,1.5323166735470297e-15,6.2638085748711e-15,164
access_cover_-1,COVERS_AND_GSE_FRONT_PANEL,0.2505553753727164,0.2505553753727164,0.0,0.2505553753727164,0.0,OCCT_DEFAULT_FACE_GAUSS_QUADRATURE,0.2505553753727163,-3.92901711165905e-17,1.5681232565114192e-16,165
access_cover_1,COVERS_AND_GSE_FRONT_PANEL,0.2505553753727164,0.2505553753727164,0.0,0.2505553753727164,0.0,OCCT_DEFAULT_FACE_GAUSS_QUADRATURE,0.2505553753727163,-3.92901711165905e-17,1.5681232565114192e-16,165
adapter_adcs_propulsion_allocation,EQUIPMENT_DECKS_AND_ADAPTERS,0.10685348922019235,0.10685348922019235,0.0,0.10685348922019235,0.0,OCCT_DEFAULT_FACE_GAUSS_QUADRATURE,0.10685348922019235,0.0,0.0,166
adapter_arm_drive,EQUIPMENT_DECKS_AND_ADAPTERS,0.03897548922019231,0.03897548922019231,0.0,0.03897548922019231,0.0,OCCT_DEFAULT_FACE_GAUSS_QUADRATURE,0.03897548922019231,0.0,0.0,167
adapter_battery,EQUIPMENT_DECKS_AND_ADAPTERS,0.09400148922019226,0.09400148922019227,1.3877787807814457e-17,0.09400148922019227,1.3877787807814457e-17,OCCT_DEFAULT_FACE_GAUSS_QUADRATURE,0.09400148922019234,7.8580342233181e-17,8.359478438592785e-16,168
adapter_compute_communications,EQUIPMENT_DECKS_AND_ADAPTERS,0.04337405922019232,0.04337405922019232,0.0,0.04337405922019232,0.0,OCCT_DEFAULT_FACE_GAUSS_QUADRATURE,0.04337405922019231,-1.4733814168721438e-17,3.3969184424090693e-16,169
adapter_navigation_electronics,EQUIPMENT_DECKS_AND_ADAPTERS,0.03253355922019232,0.032533559220192326,6.938893903907228e-18,0.032533559220192326,6.938893903907228e-18,OCCT_DEFAULT_FACE_GAUSS_QUADRATURE,0.032533559220192305,-1.4733814168721438e-17,4.528804877757345e-16,170
antenna_mount,EXTERNAL_EQUIPMENT_BRACKETS,0.018368233830288457,0.018368233830288457,0.0,0.018368233830288457,0.0,OCCT_DEFAULT_FACE_GAUSS_QUADRATURE,0.018368233830288468,7.366907084360719e-18,4.010677973955771e-16,171
cover_mount_-1_-150_-75,COVERS_AND_GSE_FRONT_PANEL,0.0031921444509376744,0.0031921444509376744,0.0,0.0031921444509376744,0.0,OCCT_DEFAULT_FACE_GAUSS_QUADRATURE,0.0031921444509376783,3.6834535421803595e-18,1.1539119230955733e-15,172
cover_mount_-1_-150_75,COVERS_AND_GSE_FRONT_PANEL,0.0031921444509376744,0.0031921444509376744,0.0,0.0031921444509376744,0.0,OCCT_DEFAULT_FACE_GAUSS_QUADRATURE,0.0031921444509376783,3.6834535421803595e-18,1.1539119230955733e-15,172
cover_mount_-1_0_-75,COVERS_AND_GSE_FRONT_PANEL,0.0031921444509376744,0.0031921444509376744,0.0,0.0031921444509376744,0.0,OCCT_DEFAULT_FACE_GAUSS_QUADRATURE,0.0031921444509376783,3.6834535421803595e-18,1.1539119230955733e-15,172
cover_mount_-1_0_75,COVERS_AND_GSE_FRONT_PANEL,0.0031921444509376744,0.0031921444509376744,0.0,0.0031921444509376744,0.0,OCCT_DEFAULT_FACE_GAUSS_QUADRATURE,0.0031921444509376783,3.6834535421803595e-18,1.1539119230955733e-15,172
cover_mount_-1_150_-75,COVERS_AND_GSE_FRONT_PANEL,0.0031921444509376744,0.0031921444509376744,0.0,0.0031921444509376744,0.0,OCCT_DEFAULT_FACE_GAUSS_QUADRATURE,0.0031921444509376783,3.6834535421803595e-18,1.1539119230955733e-15,172
cover_mount_-1_150_75,COVERS_AND_GSE_FRONT_PANEL,0.0031921444509376744,0.0031921444509376744,0.0,0.0031921444509376744,0.0,OCCT_DEFAULT_FACE_GAUSS_QUADRATURE,0.0031921444509376783,3.6834535421803595e-18,1.1539119230955733e-15,172
cover_mount_1_-150_-75,COVERS_AND_GSE_FRONT_PANEL,0.0031921444509376744,0.0031921444509376744,0.0,0.0031921444509376744,0.0,OCCT_DEFAULT_FACE_GAUSS_QUADRATURE,0.0031921444509376783,3.6834535421803595e-18,1.1539119230955733e-15,172
cover_mount_1_-150_75,COVERS_AND_GSE_FRONT_PANEL,0.0031921444509376744,0.0031921444509376744,0.0,0.0031921444509376744,0.0,OCCT_DEFAULT_FACE_GAUSS_QUADRATURE,0.0031921444509376783,3.6834535421803595e-18,1.1539119230955733e-15,172
cover_mount_1_0_-75,COVERS_AND_GSE_FRONT_PANEL,0.0031921444509376744,0.0031921444509376744,0.0,0.0031921444509376744,0.0,OCCT_DEFAULT_FACE_GAUSS_QUADRATURE,0.0031921444509376783,3.6834535421803595e-18,1.1539119230955733e-15,172
cover_mount_1_0_75,COVERS_AND_GSE_FRONT_PANEL,0.0031921444509376744,0.0031921444509376744,0.0,0.0031921444509376744,0.0,OCCT_DEFAULT_FACE_GAUSS_QUADRATURE,0.0031921444509376783,3.6834535421803595e-18,1.1539119230955733e-15,172
cover_mount_1_150_-75,COVERS_AND_GSE_FRONT_PANEL,0.0031921444509376744,0.0031921444509376744,0.0,0.0031921444509376744,0.0,OCCT_DEFAULT_FACE_GAUSS_QUADRATURE,0.0031921444509376783,3.6834535421803595e-18,1.1539119230955733e-15,172
cover_mount_1_150_75,COVERS_AND_GSE_FRONT_PANEL,0.0031921444509376744,0.0031921444509376744,0.0,0.0031921444509376744,0.0,OCCT_DEFAULT_FACE_GAUSS_QUADRATURE,0.0031921444509376783,3.6834535421803595e-18,1.1539119230955733e-15,172
forward_roof_access,COVERS_AND_GSE_FRONT_PANEL,0.16589556,0.16589556,0.0,0.16589556,0.0,OCCT_DEFAULT_FACE_GAUSS_QUADRATURE,0.16589556000000008,3.92901711165905e-17,2.368367852436225e-16,173
hold_cap_pin_0,RETENTION_ORIGINAL_METAL,0.00799032675514028,0.00799032675514028,0.0,0.00799032675514028,0.0,OCCT_DEFAULT_FACE_GAUSS_QUADRATURE,0.007990326755140277,-1.7848833522293715e-18,2.233805208380413e-16,174
hold_cap_pin_1,RETENTION_ORIGINAL_METAL,0.00799032675514028,0.00799032675514028,0.0,0.00799032675514028,0.0,OCCT_DEFAULT_FACE_GAUSS_QUADRATURE,0.007990326755140277,-1.7848833522293715e-18,2.233805208380413e-16,174
hold_cap_tie_0,RETENTION_ORIGINAL_METAL,0.017856624619732614,0.017856624619732617,3.469446951953614e-18,0.017856624619732617,3.469446951953614e-18,OCCT_DEFAULT_FACE_GAUSS_QUADRATURE,0.017856624619732375,-2.431079337839037e-16,1.3614439400560537e-14,175
hold_cap_tie_1,RETENTION_ORIGINAL_METAL,0.027900503015987968,0.027900503015987975,6.938893903907228e-18,0.027900503015987975,6.938893903907228e-18,OCCT_DEFAULT_FACE_GAUSS_QUADRATURE,0.027900503015987566,-4.0272425394505265e-16,1.4434300833726306e-14,176
hold_crossbeam_0,RETENTION_ORIGINAL_METAL,0.11930736710832487,0.11930736710832487,0.0,0.11930736710832487,0.0,OCCT_DEFAULT_FACE_GAUSS_QUADRATURE,0.1193073671083249,1.964508555829525e-17,1.6465945091604052e-16,177
hold_crossbeam_1,RETENTION_ORIGINAL_METAL,0.11930736710832487,0.11930736710832487,0.0,0.11930736710832487,0.0,OCCT_DEFAULT_FACE_GAUSS_QUADRATURE,0.1193073671083249,1.964508555829525e-17,1.6465945091604052e-16,177
hold_latch_clevis_0,RETENTION_ORIGINAL_METAL,0.011652985008043315,0.011652985008043315,0.0,0.011652985008043315,0.0,OCCT_DEFAULT_FACE_GAUSS_QUADRATURE,0.011652985008043333,1.7189449863508346e-17,1.4751112999496294e-15,178
hold_latch_clevis_1,RETENTION_ORIGINAL_METAL,0.011652985008043312,0.011652985008043314,1.734723475976807e-18,0.011652985008043314,1.734723475976807e-18,OCCT_DEFAULT_FACE_GAUSS_QUADRATURE,0.01165298500804333,1.7189449863508346e-17,1.4751112999496298e-15,180
hold_latch_pin_0,RETENTION_ORIGINAL_METAL,0.002367504223745269,0.002367504223745269,0.0,0.002367504223745269,0.0,OCCT_DEFAULT_FACE_GAUSS_QUADRATURE,0.00236750422374527,8.924416761146858e-19,3.7695462891419424e-16,182
hold_latch_pin_1,RETENTION_ORIGINAL_METAL,0.00236750422374527,0.00236750422374527,0.0,0.00236750422374527,0.0,OCCT_DEFAULT_FACE_GAUSS_QUADRATURE,0.002367504223745269,-8.924416761146858e-19,3.769546289141944e-16,184
hold_open_cap_0,RETENTION_ORIGINAL_METAL,0.07666211987087009,0.07666211987087009,0.0,0.07666211987087009,0.0,OCCT_DEFAULT_FACE_GAUSS_QUADRATURE,0.07666211987084656,-2.353481249883771e-14,3.0699402179964557e-13,186
hold_open_cap_1,RETENTION_ORIGINAL_METAL,0.07666211987087009,0.07666211987087009,0.0,0.07666211987087009,0.0,OCCT_DEFAULT_FACE_GAUSS_QUADRATURE,0.07666211987084656,-2.353481249883771e-14,3.0699402179964557e-13,186
hold_pivot_clevis_0,RETENTION_ORIGINAL_METAL,0.03674539615488248,0.03674539615488248,0.0,0.03674539615488248,0.0,OCCT_DEFAULT_FACE_GAUSS_QUADRATURE,0.03674539615488272,2.35741026699543e-16,6.4155255179693525e-15,187
hold_pivot_clevis_1,RETENTION_ORIGINAL_METAL,0.03674539615488248,0.03674539615488248,0.0,0.03674539615488248,0.0,OCCT_DEFAULT_FACE_GAUSS_QUADRATURE,0.03674539615488272,2.35741026699543e-16,6.4155255179693525e-15,187
hold_pivot_pin_0,RETENTION_ORIGINAL_METAL,0.013415857267889849,0.013415857267889849,0.0,0.013415857267889849,0.0,OCCT_DEFAULT_FACE_GAUSS_QUADRATURE,0.013415857267889846,-3.569766704458743e-18,2.660856204100198e-16,188
hold_pivot_pin_1,RETENTION_ORIGINAL_METAL,0.013415857267889849,0.013415857267889849,0.0,0.013415857267889849,0.0,OCCT_DEFAULT_FACE_GAUSS_QUADRATURE,0.013415857267889846,-3.569766704458743e-18,2.660856204100198e-16,188
hold_roof_lug_0_-94.15,RETENTION_ORIGINAL_METAL,0.012813192042076137,0.012813192042076139,1.734723475976807e-18,0.012813192042076139,1.734723475976807e-18,OCCT_DEFAULT_FACE_GAUSS_QUADRATURE,0.012813192042076158,1.964508555829525e-17,1.5331921580340338e-15,189
hold_roof_lug_0_94.15,RETENTION_ORIGINAL_METAL,0.012813192042076137,0.012813192042076139,1.734723475976807e-18,0.012813192042076139,1.734723475976807e-18,OCCT_DEFAULT_FACE_GAUSS_QUADRATURE,0.012813192042076158,1.964508555829525e-17,1.5331921580340338e-15,190
hold_roof_lug_1_-94.15,RETENTION_ORIGINAL_METAL,0.012502861279136506,0.012502861279136506,0.0,0.012502861279136506,0.0,OCCT_DEFAULT_FACE_GAUSS_QUADRATURE,0.012502861279136187,-3.1923264032229783e-16,2.5532766715968343e-14,191
hold_roof_lug_1_94.15,RETENTION_ORIGINAL_METAL,0.012502861279136046,0.012502861279136048,1.734723475976807e-18,0.012502861279136048,1.734723475976807e-18,OCCT_DEFAULT_FACE_GAUSS_QUADRATURE,0.01250286127913573,-3.167770046275109e-16,2.533636081815413e-14,192
hold_saddle_0,RETENTION_ORIGINAL_METAL,0.08959401311563062,0.08959401311563062,0.0,0.08959401311563062,0.0,OCCT_DEFAULT_FACE_GAUSS_QUADRATURE,0.08959401311563066,3.92901711165905e-17,4.385356761046336e-16,193
hold_saddle_1,RETENTION_ORIGINAL_METAL,0.08959401311554123,0.08959401311554123,0.0,0.08959401311554123,0.0,OCCT_DEFAULT_FACE_GAUSS_QUADRATURE,0.08959401311554123,0.0,0.0,195
lower_deck_angle_-1_0,EQUIPMENT_DECKS_AND_ADAPTERS,0.035631459203004825,0.035631459203004825,0.0,0.035631459203004825,0.0,OCCT_DEFAULT_FACE_GAUSS_QUADRATURE,0.0356314592030048,-2.455635694786906e-17,6.891762924432303e-16,197
lower_deck_angle_-1_1,EQUIPMENT_DECKS_AND_ADAPTERS,0.02401387508307499,0.024013875083075124,1.3530843112619095e-16,0.024013875083075124,1.3530843112619095e-16,OCCT_DEFAULT_FACE_GAUSS_QUADRATURE,0.024013875083074992,-1.3260432751849293e-16,5.5219878949046685e-15,198
lower_deck_angle_1_0,EQUIPMENT_DECKS_AND_ADAPTERS,0.035631459203004825,0.035631459203004825,0.0,0.035631459203004825,0.0,OCCT_DEFAULT_FACE_GAUSS_QUADRATURE,0.0356314592030048,-2.455635694786906e-17,6.891762924432303e-16,199
lower_deck_angle_1_1,EQUIPMENT_DECKS_AND_ADAPTERS,0.02401387508307499,0.02401387508307512,1.3183898417423734e-16,0.02401387508307512,1.3183898417423734e-16,OCCT_DEFAULT_FACE_GAUSS_QUADRATURE,0.024013875083074992,-1.2769305612891912e-16,5.3174698247230144e-15,200
lower_equipment_deck_B,EQUIPMENT_DECKS_AND_ADAPTERS,0.5382867330730787,0.53828673307308,1.2212453270876722e-15,0.53828673307308,1.2212453270876722e-15,OCCT_DEFAULT_FACE_GAUSS_QUADRATURE,0.5382867330730786,-1.335865817964077e-15,2.481699317272079e-15,201
navigation_camera_bracket,EXTERNAL_EQUIPMENT_BRACKETS,0.015984,0.015984,0.0,0.015984,0.0,OCCT_DEFAULT_FACE_GAUSS_QUADRATURE,0.015984,0.0,0.0,202
radiator_spreader,THERMAL_SPREADER,0.04732388922019231,0.04732388922019232,6.938893903907228e-18,0.04732388922019232,6.938893903907228e-18,OCCT_DEFAULT_FACE_GAUSS_QUADRATURE,0.047323889220192296,-1.964508555829525e-17,4.1511984500870287e-16,203
rear_horizontal_rib_-86,PRIMARY_STRUCTURE_METAL,0.0449064,0.044906400000000006,6.938893903907228e-18,0.044906400000000006,6.938893903907228e-18,OCCT_DEFAULT_FACE_GAUSS_QUADRATURE,0.044906400000000006,0.0,0.0,204
rear_horizontal_rib_86,PRIMARY_STRUCTURE_METAL,0.0449064,0.044906400000000006,6.938893903907228e-18,0.044906400000000006,6.938893903907228e-18,OCCT_DEFAULT_FACE_GAUSS_QUADRATURE,0.044906400000000006,0.0,0.0,204
rear_launch_bulkhead,PRIMARY_STRUCTURE_METAL,0.4241819785299898,0.42418197852998984,5.551115123125783e-17,0.42418197852998984,5.551115123125783e-17,OCCT_DEFAULT_FACE_GAUSS_QUADRATURE,0.4241819785299899,7.8580342233181e-17,1.8525148688660127e-16,205
rear_vertical_rib_-86,PRIMARY_STRUCTURE_METAL,0.0501552,0.0501552,0.0,0.0501552,0.0,OCCT_DEFAULT_FACE_GAUSS_QUADRATURE,0.0501552,0.0,0.0,206
rear_vertical_rib_86,PRIMARY_STRUCTURE_METAL,0.0501552,0.0501552,0.0,0.0501552,0.0,OCCT_DEFAULT_FACE_GAUSS_QUADRATURE,0.0501552,0.0,0.0,206
shear_clip_-1_-150_-94,PRIMARY_STRUCTURE_METAL,0.0033699505208393786,0.0033699505208393786,0.0,0.0033699505208393786,0.0,OCCT_DEFAULT_FACE_GAUSS_QUADRATURE,0.0033699505208393877,9.2086338554509e-18,2.7325724216144308e-15,207
shear_clip_-1_-150_94,PRIMARY_STRUCTURE_METAL,0.0033699505208393786,0.0033699505208393786,0.0,0.0033699505208393786,0.0,OCCT_DEFAULT_FACE_GAUSS_QUADRATURE,0.0033699505208393877,9.2086338554509e-18,2.7325724216144308e-15,207
shear_clip_-1_-30_-94,PRIMARY_STRUCTURE_METAL,0.0033699505208393786,0.0033699505208393786,0.0,0.0033699505208393786,0.0,OCCT_DEFAULT_FACE_GAUSS_QUADRATURE,0.0033699505208393877,9.2086338554509e-18,2.7325724216144308e-15,207
shear_clip_-1_-30_94,PRIMARY_STRUCTURE_METAL,0.0033699505208393786,0.0033699505208393786,0.0,0.0033699505208393786,0.0,OCCT_DEFAULT_FACE_GAUSS_QUADRATURE,0.0033699505208393877,9.2086338554509e-18,2.7325724216144308e-15,207
shear_clip_-1_-90_-94,PRIMARY_STRUCTURE_METAL,0.0033699505208393786,0.0033699505208393786,0.0,0.0033699505208393786,0.0,OCCT_DEFAULT_FACE_GAUSS_QUADRATURE,0.0033699505208393877,9.2086338554509e-18,2.7325724216144308e-15,207
shear_clip_-1_-90_94,PRIMARY_STRUCTURE_METAL,0.0033699505208393786,0.0033699505208393786,0.0,0.0033699505208393786,0.0,OCCT_DEFAULT_FACE_GAUSS_QUADRATURE,0.0033699505208393877,9.2086338554509e-18,2.7325724216144308e-15,207
shear_clip_-1_150_-94,PRIMARY_STRUCTURE_METAL,0.0033699505208393864,0.003369950520839369,-1.734723475976807e-17,0.003369950520839369,-1.734723475976807e-17,OCCT_DEFAULT_FACE_GAUSS_QUADRATURE,0.003369950520839387,1.7803358787205072e-17,5.282973348454568e-15,208
shear_clip_-1_150_94,PRIMARY_STRUCTURE_METAL,0.0033699505208393864,0.003369950520839371,-1.5612511283791264e-17,0.003369950520839371,-1.5612511283791264e-17,OCCT_DEFAULT_FACE_GAUSS_QUADRATURE,0.003369950520839387,1.596163201611489e-17,4.736458864131682e-15,209
shear_clip_-1_30_-94,PRIMARY_STRUCTURE_METAL,0.0033699505208393786,0.0033699505208393786,0.0,0.0033699505208393786,0.0,OCCT_DEFAULT_FACE_GAUSS_QUADRATURE,0.0033699505208393877,9.2086338554509e-18,2.7325724216144308e-15,207
shear_clip_-1_30_94,PRIMARY_STRUCTURE_METAL,0.0033699505208393786,0.0033699505208393786,0.0,0.0033699505208393786,0.0,OCCT_DEFAULT_FACE_GAUSS_QUADRATURE,0.0033699505208393877,9.2086338554509e-18,2.7325724216144308e-15,207
shear_clip_-1_90_-94,PRIMARY_STRUCTURE_METAL,0.0033699505208393786,0.0033699505208393786,0.0,0.0033699505208393786,0.0,OCCT_DEFAULT_FACE_GAUSS_QUADRATURE,0.0033699505208393877,9.2086338554509e-18,2.7325724216144308e-15,207
shear_clip_-1_90_94,PRIMARY_STRUCTURE_METAL,0.0033699505208393786,0.0033699505208393786,0.0,0.0033699505208393786,0.0,OCCT_DEFAULT_FACE_GAUSS_QUADRATURE,0.0033699505208393877,9.2086338554509e-18,2.7325724216144308e-15,207
shear_clip_1_-150_-94,PRIMARY_STRUCTURE_METAL,0.0033699505208393786,0.0033699505208393786,0.0,0.0033699505208393786,0.0,OCCT_DEFAULT_FACE_GAUSS_QUADRATURE,0.0033699505208393877,9.2086338554509e-18,2.7325724216144308e-15,207
shear_clip_1_-150_94,PRIMARY_STRUCTURE_METAL,0.0033699505208393786,0.0033699505208393786,0.0,0.0033699505208393786,0.0,OCCT_DEFAULT_FACE_GAUSS_QUADRATURE,0.0033699505208393877,9.2086338554509e-18,2.7325724216144308e-15,207
shear_clip_1_-30_-94,PRIMARY_STRUCTURE_METAL,0.0033699505208393786,0.0033699505208393786,0.0,0.0033699505208393786,0.0,OCCT_DEFAULT_FACE_GAUSS_QUADRATURE,0.0033699505208393877,9.2086338554509e-18,2.7325724216144308e-15,207
shear_clip_1_-30_94,PRIMARY_STRUCTURE_METAL,0.0033699505208393786,0.0033699505208393786,0.0,0.0033699505208393786,0.0,OCCT_DEFAULT_FACE_GAUSS_QUADRATURE,0.0033699505208393877,9.2086338554509e-18,2.7325724216144308e-15,207
shear_clip_1_-90_-94,PRIMARY_STRUCTURE_METAL,0.0033699505208393786,0.0033699505208393786,0.0,0.0033699505208393786,0.0,OCCT_DEFAULT_FACE_GAUSS_QUADRATURE,0.0033699505208393877,9.2086338554509e-18,2.7325724216144308e-15,207
shear_clip_1_-90_94,PRIMARY_STRUCTURE_METAL,0.0033699505208393786,0.0033699505208393786,0.0,0.0033699505208393786,0.0,OCCT_DEFAULT_FACE_GAUSS_QUADRATURE,0.0033699505208393877,9.2086338554509e-18,2.7325724216144308e-15,207
shear_clip_1_150_-94,PRIMARY_STRUCTURE_METAL,0.0033699505208393873,0.003369950520839369,-1.8214596497756474e-17,0.003369950520839369,-1.8214596497756474e-17,OCCT_DEFAULT_FACE_GAUSS_QUADRATURE,0.0033699505208393873,1.84172677109018e-17,5.465144843228863e-15,210
shear_clip_1_150_94,PRIMARY_STRUCTURE_METAL,0.0033699505208393864,0.003369950520839371,-1.5612511283791264e-17,0.003369950520839371,-1.5612511283791264e-17,OCCT_DEFAULT_FACE_GAUSS_QUADRATURE,0.003369950520839387,1.596163201611489e-17,4.736458864131682e-15,211
shear_clip_1_30_-94,PRIMARY_STRUCTURE_METAL,0.0033699505208393786,0.0033699505208393786,0.0,0.0033699505208393786,0.0,OCCT_DEFAULT_FACE_GAUSS_QUADRATURE,0.0033699505208393877,9.2086338554509e-18,2.7325724216144308e-15,207
shear_clip_1_30_94,PRIMARY_STRUCTURE_METAL,0.0033699505208393786,0.0033699505208393786,0.0,0.0033699505208393786,0.0,OCCT_DEFAULT_FACE_GAUSS_QUADRATURE,0.0033699505208393877,9.2086338554509e-18,2.7325724216144308e-15,207
shear_clip_1_90_-94,PRIMARY_STRUCTURE_METAL,0.0033699505208393786,0.0033699505208393786,0.0,0.0033699505208393786,0.0,OCCT_DEFAULT_FACE_GAUSS_QUADRATURE,0.0033699505208393877,9.2086338554509e-18,2.7325724216144308e-15,207
shear_clip_1_90_94,PRIMARY_STRUCTURE_METAL,0.0033699505208393786,0.0033699505208393786,0.0,0.0033699505208393786,0.0,OCCT_DEFAULT_FACE_GAUSS_QUADRATURE,0.0033699505208393877,9.2086338554509e-18,2.7325724216144308e-15,207
shear_web_-1,PRIMARY_STRUCTURE_METAL,0.3743731761009617,0.37437317610096127,-4.440892098500626e-16,0.37437317610096127,-4.440892098500626e-16,OCCT_DEFAULT_FACE_GAUSS_QUADRATURE,0.3743731761009617,3.92901711165905e-16,1.0494921544804975e-15,212
shear_web_1,PRIMARY_STRUCTURE_METAL,0.3743731761009616,0.37437317610096127,-3.3306690738754696e-16,0.37437317610096127,-3.3306690738754696e-16,OCCT_DEFAULT_FACE_GAUSS_QUADRATURE,0.37437317610096166,3.14321368932724e-16,8.395937235843982e-16,213
trunk_clip_-140,HARNESS_RESTRAINT_HARDWARE,0.004585101875790155,0.004585101875790155,0.0,0.004585101875790155,0.0,OCCT_DEFAULT_FACE_GAUSS_QUADRATURE,0.004585101875790212,5.709352990379558e-17,1.2451965398032923e-14,214
trunk_clip_-70,HARNESS_RESTRAINT_HARDWARE,0.004585101875790155,0.004585101875790155,0.0,0.004585101875790155,0.0,OCCT_DEFAULT_FACE_GAUSS_QUADRATURE,0.004585101875790212,5.709352990379558e-17,1.2451965398032923e-14,214
trunk_clip_0,HARNESS_RESTRAINT_HARDWARE,0.004585101875790155,0.004585101875790155,0.0,0.004585101875790155,0.0,OCCT_DEFAULT_FACE_GAUSS_QUADRATURE,0.004585101875790212,5.709352990379558e-17,1.2451965398032923e-14,214
trunk_clip_65,HARNESS_RESTRAINT_HARDWARE,0.004585101875790155,0.004585101875790155,0.0,0.004585101875790155,0.0,OCCT_DEFAULT_FACE_GAUSS_QUADRATURE,0.004585101875790212,5.709352990379558e-17,1.2451965398032923e-14,214
trunk_clip_standoff_-140,HARNESS_RESTRAINT_HARDWARE,0.01720890856930343,0.017208908569303433,3.469446951953614e-18,0.017208908569303433,3.469446951953614e-18,OCCT_DEFAULT_FACE_GAUSS_QUADRATURE,0.017208908569303467,3.68345354218036e-17,2.1404341404606857e-15,215
trunk_clip_standoff_-70,HARNESS_RESTRAINT_HARDWARE,0.01720890856930343,0.017208908569303433,3.469446951953614e-18,0.017208908569303433,3.469446951953614e-18,OCCT_DEFAULT_FACE_GAUSS_QUADRATURE,0.017208908569303467,3.68345354218036e-17,2.1404341404606857e-15,215
trunk_clip_standoff_0,HARNESS_RESTRAINT_HARDWARE,0.01720890856930343,0.017208908569303433,3.469446951953614e-18,0.017208908569303433,3.469446951953614e-18,OCCT_DEFAULT_FACE_GAUSS_QUADRATURE,0.017208908569303467,3.68345354218036e-17,2.1404341404606857e-15,215
trunk_clip_standoff_65,HARNESS_RESTRAINT_HARDWARE,0.01720890856930343,0.017208908569303433,3.469446951953614e-18,0.017208908569303433,3.469446951953614e-18,OCCT_DEFAULT_FACE_GAUSS_QUADRATURE,0.017208908569303467,3.68345354218036e-17,2.1404341404606857e-15,215
upper_deck_angle_-1_0,EQUIPMENT_DECKS_AND_ADAPTERS,0.03585208383028851,0.03585208383028851,0.0,0.03585208383028851,0.0,OCCT_DEFAULT_FACE_GAUSS_QUADRATURE,0.03585208383028845,-6.384652806445956e-17,1.7808317186439503e-15,216
upper_deck_angle_-1_1,EQUIPMENT_DECKS_AND_ADAPTERS,0.024613333830288454,0.024613333830288457,3.469446951953614e-18,0.024613333830288457,3.469446951953614e-18,OCCT_DEFAULT_FACE_GAUSS_QUADRATURE,0.024613333830288457,0.0,0.0,217
upper_deck_angle_1_0,EQUIPMENT_DECKS_AND_ADAPTERS,0.035852083830288525,0.035852083830288525,0.0,0.035852083830288525,0.0,OCCT_DEFAULT_FACE_GAUSS_QUADRATURE,0.035852083830288456,-6.875779945403338e-17,1.917818773924254e-15,218
upper_deck_angle_1_1,EQUIPMENT_DECKS_AND_ADAPTERS,0.024613333830288454,0.024613333830288457,3.469446951953614e-18,0.024613333830288457,3.469446951953614e-18,OCCT_DEFAULT_FACE_GAUSS_QUADRATURE,0.02461333383028846,4.9112713895738125e-18,1.9953702425837754e-16,219
upper_equipment_deck_B,EQUIPMENT_DECKS_AND_ADAPTERS,0.5062417424922447,0.506241742492246,1.2212453270876722e-15,0.506241742492246,1.2212453270876722e-15,OCCT_DEFAULT_FACE_GAUSS_QUADRATURE,0.5062417424922449,-1.1787051334977152e-15,2.3283444144588133e-15,220
wing_edge_frame_-1_1_-1,SOLAR_CURRENT_FRAMES_AND_HINGES,0.006754116168775415,0.006754116169309043,5.336278294243435e-13,0.006754116169309043,5.336278294243435e-13,OCCT_DEFAULT_FACE_GAUSS_QUADRATURE,0.006754131288747918,1.5119438876081405e-08,2.238546784139319e-06,221
wing_edge_frame_-1_1_1,SOLAR_CURRENT_FRAMES_AND_HINGES,0.006754116128743946,0.0067541161292755305,5.315843251696428e-13,0.0067541161292755305,5.315843251696428e-13,OCCT_DEFAULT_FACE_GAUSS_QUADRATURE,0.0067541312887385825,1.51594630526688e-08,2.2444726648924845e-06,222
wing_edge_frame_-1_2_-1,SOLAR_CURRENT_FRAMES_AND_HINGES,0.007315711387851953,0.007315711388541803,6.898500867769108e-13,0.007315711388541803,6.898500867769108e-13,OCCT_DEFAULT_FACE_GAUSS_QUADRATURE,0.007315731288742108,1.9900200305619364e-08,2.72019289940884e-06,223
wing_edge_frame_-1_2_1,SOLAR_CURRENT_FRAMES_AND_HINGES,0.007315711230975354,0.007315711231667243,6.918883868611836e-13,0.007315711231667243,6.918883868611836e-13,OCCT_DEFAULT_FACE_GAUSS_QUADRATURE,0.007315731288718102,2.005705085925911e-08,2.7416330736737056e-06,224
wing_edge_frame_-1_3_-1,SOLAR_CURRENT_FRAMES_AND_HINGES,0.005868664009382693,0.005868664009382693,0.0,0.005868664009382693,0.0,OCCT_DEFAULT_FACE_GAUSS_QUADRATURE,0.00586867121982103,7.210438336642256e-09,1.2286321837709191e-06,225
wing_edge_frame_-1_3_1,SOLAR_CURRENT_FRAMES_AND_HINGES,0.005868663909700419,0.005868663909700419,0.0,0.005868663909700419,0.0,OCCT_DEFAULT_FACE_GAUSS_QUADRATURE,0.005868671219803067,7.310102647852546e-09,1.2456146159944274e-06,226
wing_edge_frame_1_1_-1,SOLAR_CURRENT_FRAMES_AND_HINGES,0.00675411089047303,0.006754110891141418,6.683880879321258e-13,0.006754110891141418,6.683880879321258e-13,OCCT_DEFAULT_FACE_GAUSS_QUADRATURE,0.006754131288722771,2.0397581353199713e-08,3.0200155254987594e-06,227
wing_edge_frame_1_1_1,SOLAR_CURRENT_FRAMES_AND_HINGES,0.0067541108510052504,0.006754110851675419,6.70168781580216e-13,0.006754110851675419,6.70168781580216e-13,OCCT_DEFAULT_FACE_GAUSS_QUADRATURE,0.006754131288717929,2.0437042509001917e-08,3.0258580467838788e-06,228
wing_edge_frame_1_2_-1,SOLAR_CURRENT_FRAMES_AND_HINGES,0.007315717088178815,0.00731571708874147,5.626549573478634e-13,0.00731571708874147,5.626549573478634e-13,OCCT_DEFAULT_FACE_GAUSS_QUADRATURE,0.007315731288763395,1.4200021925034891e-08,1.9410256288179187e-06,229
wing_edge_frame_1_2_1,SOLAR_CURRENT_FRAMES_AND_HINGES,0.007315716938577658,0.007315716939139331,5.616731038604605e-13,0.007315716939139331,5.616731038604605e-13,OCCT_DEFAULT_FACE_GAUSS_QUADRATURE,0.007315731288735065,1.4349595733938259e-08,1.9614711322207945e-06,230
wing_edge_frame_1_3_-1,SOLAR_CURRENT_FRAMES_AND_HINGES,0.005868664009382693,0.005868664009382693,0.0,0.005868664009382693,0.0,OCCT_DEFAULT_FACE_GAUSS_QUADRATURE,0.00586867121982103,7.210438336642256e-09,1.2286321837709191e-06,225
wing_edge_frame_1_3_1,SOLAR_CURRENT_FRAMES_AND_HINGES,0.005868663909700419,0.005868663909700419,0.0,0.005868663909700419,0.0,OCCT_DEFAULT_FACE_GAUSS_QUADRATURE,0.005868671219803067,7.310102647852546e-09,1.2456146159944274e-06,226
wing_hinge_pin_-1_1_-1,SOLAR_CURRENT_FRAMES_AND_HINGES,0.002614119247052046,0.002614119247052046,0.0,0.002614119247052046,0.0,OCCT_DEFAULT_FACE_GAUSS_QUADRATURE,0.002614119247052066,1.9633716874523088e-17,7.510643172328106e-15,231
wing_hinge_pin_-1_1_1,SOLAR_CURRENT_FRAMES_AND_HINGES,0.002614119247052046,0.002614119247052046,0.0,0.002614119247052046,0.0,OCCT_DEFAULT_FACE_GAUSS_QUADRATURE,0.002614119247052066,1.9633716874523088e-17,7.510643172328106e-15,232
wing_hinge_pin_-1_2_-1,SOLAR_CURRENT_FRAMES_AND_HINGES,0.002614119247052046,0.002614119247052046,0.0,0.002614119247052046,0.0,OCCT_DEFAULT_FACE_GAUSS_QUADRATURE,0.002614119247052066,1.9633716874523088e-17,7.510643172328106e-15,231
wing_hinge_pin_-1_2_1,SOLAR_CURRENT_FRAMES_AND_HINGES,0.002614119247052046,0.002614119247052046,0.0,0.002614119247052046,0.0,OCCT_DEFAULT_FACE_GAUSS_QUADRATURE,0.002614119247052066,1.9633716874523088e-17,7.510643172328106e-15,232
wing_hinge_pin_-1_3_-1,SOLAR_CURRENT_FRAMES_AND_HINGES,0.002614119247052046,0.002614119247052046,0.0,0.002614119247052046,0.0,OCCT_DEFAULT_FACE_GAUSS_QUADRATURE,0.002614119247052066,1.9633716874523088e-17,7.510643172328106e-15,231
wing_hinge_pin_-1_3_1,SOLAR_CURRENT_FRAMES_AND_HINGES,0.002614119247052046,0.002614119247052046,0.0,0.002614119247052046,0.0,OCCT_DEFAULT_FACE_GAUSS_QUADRATURE,0.002614119247052066,1.9633716874523088e-17,7.510643172328106e-15,232
wing_hinge_pin_1_1_-1,SOLAR_CURRENT_FRAMES_AND_HINGES,0.002614119247052046,0.002614119247052046,0.0,0.002614119247052046,0.0,OCCT_DEFAULT_FACE_GAUSS_QUADRATURE,0.002614119247052066,1.9633716874523088e-17,7.510643172328106e-15,231
wing_hinge_pin_1_1_1,SOLAR_CURRENT_FRAMES_AND_HINGES,0.002614119247052046,0.002614119247052046,0.0,0.002614119247052046,0.0,OCCT_DEFAULT_FACE_GAUSS_QUADRATURE,0.002614119247052066,1.9633716874523088e-17,7.510643172328106e-15,232
wing_hinge_pin_1_2_-1,SOLAR_CURRENT_FRAMES_AND_HINGES,0.002614119247052046,0.002614119247052046,0.0,0.002614119247052046,0.0,OCCT_DEFAULT_FACE_GAUSS_QUADRATURE,0.002614119247052066,1.9633716874523088e-17,7.510643172328106e-15,231
wing_hinge_pin_1_2_1,SOLAR_CURRENT_FRAMES_AND_HINGES,0.002614119247052046,0.002614119247052046,0.0,0.002614119247052046,0.0,OCCT_DEFAULT_FACE_GAUSS_QUADRATURE,0.002614119247052066,1.9633716874523088e-17,7.510643172328106e-15,232
wing_hinge_pin_1_3_-1,SOLAR_CURRENT_FRAMES_AND_HINGES,0.002614119247052046,0.002614119247052046,0.0,0.002614119247052046,0.0,OCCT_DEFAULT_FACE_GAUSS_QUADRATURE,0.002614119247052066,1.9633716874523088e-17,7.510643172328106e-15,231
wing_hinge_pin_1_3_1,SOLAR_CURRENT_FRAMES_AND_HINGES,0.002614119247052046,0.002614119247052046,0.0,0.002614119247052046,0.0,OCCT_DEFAULT_FACE_GAUSS_QUADRATURE,0.002614119247052066,1.9633716874523088e-17,7.510643172328106e-15,232
wing_root_fork_-1_-1,SOLAR_CURRENT_FRAMES_AND_HINGES,0.005333200841034919,0.005333200841034919,0.0,0.005333200841034919,0.0,OCCT_DEFAULT_FACE_GAUSS_QUADRATURE,0.0053332017500110716,9.089761516406725e-10,1.7043723343839104e-07,233
wing_root_fork_-1_1,SOLAR_CURRENT_FRAMES_AND_HINGES,0.0053332008181605035,0.0053332008181605035,0.0,0.0053332008181605035,0.0,OCCT_DEFAULT_FACE_GAUSS_QUADRATURE,0.005333201750007653,9.318471493315884e-10,1.7472565130885048e-07,234
wing_root_fork_1_-1,SOLAR_CURRENT_FRAMES_AND_HINGES,0.005333202433295855,0.005333202433295855,0.0,0.005333202433295855,0.0,OCCT_DEFAULT_FACE_GAUSS_QUADRATURE,0.005333201749989233,-6.833066225226504e-10,1.281231527616651e-07,235
wing_root_fork_1_1,SOLAR_CURRENT_FRAMES_AND_HINGES,0.00533320241042115,0.005333202410421151,8.673617379884035e-19,0.005333202410421151,8.673617379884035e-19,OCCT_DEFAULT_FACE_GAUSS_QUADRATURE,0.005333201749985547,-6.604356039588311e-10,1.2383473097761978e-07,236
