id,domain,description,verdict_or_status,authority_path,locator,sha256,retained_as,notes
N-CD01,compdeliv,仓内无 2026 正式参赛指南/报告模板/提交字段/视频格式官方文件,UNKNOWN,NONE,"Grep 多关键词在 01_project,50_literature,80_third_party 零官方文件命中",NA,BLOCKER_B-CD01,禁止用往届规则静默替代;用户外部线索仅背景
N-CD02,compdeliv,比赛技术报告书母稿不存在(无 .tex/.docx/.pdf 报告书),UNKNOWN,NONE,Glob **/*.tex 零命中; 01_project 仅协作者 docx 与调研报告,NA,BLOCKER_B-CD02,paper1_architecture.md 是期刊论文架构非比赛报告书
N-CD03,compdeliv,论文级 claim-evidence 账本 0 数据行,LIMITED,10_research/knowledge_base/papers/claim_evidence_ledger.csv,185B header only; controller_state.yaml counts.claim_evidence_rows=0,1cff4ab952b75e4ea4679d3947bc630c2eb2afe00932ce389a89a4e128f9e297,EVIDENCE_GAP,"比赛 claim matrix(9 行)独立存在,不受此行升级"
N-CD04,compdeliv,根级 08_REVIEWS/ 对抗审查目录为空,LIMITED,08_REVIEWS/,ls 无条目,NA,EVIDENCE_GAP,红队机器记录 15/15 在 competition_gate_check.json COMPETITION_TESTS_AND_RED_TEAM
N-CD05,compdeliv,无提交 ZIP/打包清单/恢复演练/提交回执,UNKNOWN,NONE,Grep submission package/restore rehearsal/回执 无比赛提交包命中,NA,BLOCKER_B-CD03,仓内 zip 均为机械 B51R1/F3R2 内部包
N-CD06,compdeliv,PUBLICATION_HOLD_CLAIM_REFERENCE_AND_RELEASE_IDENTITY_NOT_CLOSED 裁决原文不在仓,UNKNOWN,NONE,bash grep -rl PUBLICATION_HOLD 全仓(除.git)零命中,NA,EVIDENCE_GAP_B-CD07,"PAPER_KNOWLEDGE_INTEGRITY 仅技能 token 定义,非裁决"
N-CD07,compdeliv,GitHub 镜像私有性/fork 风险离线不可验证且本地无 remote,UNKNOWN,repo .git,git remote -v 空; .git/config 无 [remote] 节; 继承包原声明未在仓内定位,NA,BLOCKER_B-CD04_OWNER_MANUAL,需 Owner 人工登录核对
N-CD08,compdeliv,2026-08-08 后全部终局证据未提交 git(130 untracked 目录级条目含 AGENTS.md 本身),LIMITED,repo .git,git status --short=141 条(11 M+130 ??); git log -1=2026-08-08 01:24:43 +0800,NA,BLOCKER_B-CD05,提交包版本锚定缺失;只读审计不操作 git
N-CD09,compdeliv,"演示链为 offline replay 非真实执行: command_emitted=false, real_time_synchronization=false",HOLD,10_research/competition_convergence/competition_gate_check.json,command_emitted=false; real_time_synchronization=false; stop_rules 全 false,8b3cdbdaa09e9048262888f596bacc5a7ec543af55542256e8bce66de15a6200,RETAINED_SCOPE_LIMIT,演示视频/PPT 内 A/B/C 动作仅解释性回放
N-CD10,compdeliv,"硬件演示不可能: B601_MOTION=PROHIBITED, H0/H1/H2=NOT_STARTED",HOLD,10_research/competition_convergence/competition_gate_check.json,hardware_component_status 四键,8b3cdbdaa09e9048262888f596bacc5a7ec543af55542256e8bce66de15a6200,RETAINED_SCOPE_LIMIT,若官方要求实物展示则此状态直接冲突
N-CD11,compdeliv,ASM00 并列负结果: ASM00_BLOCKED_BY_MISSING_PARAMETERS,HOLD,10_research/competition_convergence/competition_gate_check.json,asm00_external_verdict + negative_results.asm00,8b3cdbdaa09e9048262888f596bacc5a7ec543af55542256e8bce66de15a6200,RETAINED_NEGATIVE,不向上改写 demo 链;禁止 ASM-01/02 启动
N-CD12,compdeliv,"演示包口径冻结 2026-07-20,08-25 后系统级 HOLD 增多未反映",LIMITED,01_project/current/HOLD_AND_NEGATIVE_RESULTS_V1.csv,H-01..H-15 对照 competition_execution_report.md §1/§8,667dd3bd8a83c14f611bc9ac411f3753d1496832c91d2b500356a8ac6a134c37,RETAINED_DRIFT_NOTE,答辩引用须带日期与 scope 限定
NEG-ACTUATOR-NULL,ctrl,执行器 152/152 个实测字段全为 null，零填充禁止；无硬件有效执行器速率/力矩/延迟/带宽,HOLD,01_project/competition/R2动力学与控制工程闭环阶段裁决_20260827.md,§3 行98；R2 控制 Gate $.hard_blockers[3],3eed50dd728ea55ce40cd4a2e46d4343d1f17a4c532baca4c469c8b406c08dce,阻断登记,所有硬件有效 claim 禁止
NEG-CTRL01-A2,ctrl,闭环 C1_T1 锚差 0.15504136331859542 deg 超 0.05 门槛；C2_T1 植物保真诊断仅 0.006448 deg，残差归因于冻结增益纯反馈滞后,REPEAT_GENUINE_NEGATIVE,30_simulation/control_01_end_effector_tracking/results/control_01_gate_check.json,$.gates.GC1_A2_closed_loop_C1_T1_anchor（行19-25）,ab1fd26978f4250e32e3090a3cd6dc7d41dc1f1b0182861c41ba9af44d0d8f96,预注册负结果（CP6 方案 B 收口）,翻转须换增益=新实验；gains_tuned_on_plant=false 禁止调参
NEG-CTRL01-D-C2,ctrl,C2 对 C1 的 T2 位置增量 -38.26038923416019% 低于 +30% 预注册门槛（v0 -51.9137123236204% 逐字保留）,REPEAT_GENUINE_NEGATIVE,30_simulation/control_01_end_effector_tracking/results/control_01_gate_check.json,$.gates.GC1_D_incremental_effectiveness（行53-76）,ab1fd26978f4250e32e3090a3cd6dc7d41dc1f1b0182861c41ba9af44d0d8f96,预注册负结果,前馈在 station-kept T2 上增加关节运动；姿态向 +99.85% 仅作上下文
NEG-CTRL01-D-C3,ctrl,C3 孤立零空间效应真零：C3 vs C2_MATCH5 基率改善 +1.8387128071932317e-05%（门槛 5%）；指令削减 9.98e-06%,REPEAT_GENUINE_NEGATIVE,30_simulation/control_01_end_effector_tracking/results/control_01_gate_check.json,$.gates.GC1_D.C3_* 字段,ab1fd26978f4250e32e3090a3cd6dc7d41dc1f1b0182861c41ba9af44d0d8f96,预注册负结果,公平比较器 C2_MATCH5 下的真零；CP6 授权按真零表述
NEG-CTRL01-E-JOINT,ctrl,关节限位余量 -1.4728426913978847 rad（T1 锚含预注册 q2=+60deg 出 URDF 冲突 -1.0476 rad）,REPEAT_GENUINE_NEGATIVE,30_simulation/control_01_end_effector_tracking/results/control_01_gate_check.json,$.gates.GC1_E_constraints.values.joint_limit_margin_min_rad（行80）,ab1fd26978f4250e32e3090a3cd6dc7d41dc1f1b0182861c41ba9af44d0d8f96,预注册负结果,T1_anchor_joint_limit_conflict_preregistered=true
NEG-CTRL01-E-RATE,ctrl,关节速度 1.8365906028735075 rad/s、加速度 9.108554855103153 rad/s2 超冻结 PROVISIONAL 档 0.7/2.0,REPEAT_GENUINE_NEGATIVE,10_research/partner_requirement_closure/wave1_results/wave1_gate_check.json,$.repeat_remainder_classification_per_preregistration_item_2.genuine_negative_result_preserved[4]（行82-86）,ef49240d90471f85a6ee9479855077b0b24b90272c38415cfe71aefc3bd80daf,预注册负结果,T3 回撤速率需求+t=0 FOH 瞬态超冻结档
NEG-CTRL01-E-SIGMA,ctrl,task_sigma_min 6.639830276911244e-05 低于 1e-4 门槛（冻结 T1 从奇异伸展位形起步）,REPEAT_GENUINE_NEGATIVE,30_simulation/control_01_end_effector_tracking/results/control_01_gate_check.json,$.gates.GC1_E.values.task_sigma_min（行81）,ab1fd26978f4250e32e3090a3cd6dc7d41dc1f1b0182861c41ba9af44d0d8f96,预注册负结果,结构性归因经集成方算术复核
NEG-CTRL01-F,ctrl,C1_T3 与 C1_MATCH5_T3 位置 p95 0.1902 m 超 0.11 m 有界误差界；纯反馈在 T3 峰值 0.3125 m/s 下结构性越界，C2/C3 在 0.0024 m 内,REPEAT_GENUINE_NEGATIVE,30_simulation/control_01_end_effector_tracking/results/control_01_gate_check.json,$.gates.GC1_F_bounded_error_C1_C2_C3.violations（行271-287）,ab1fd26978f4250e32e3090a3cd6dc7d41dc1f1b0182861c41ba9af44d0d8f96,预注册负结果,界推导 0.12/1.2+0.01=0.11 m 经集成方算术验证
NEG-CTRL01-REPLAY,ctrl,CTRL-01 当前树重放 7/22：冻结 sim05 默认 URDF 定位指向 pre-REORG 根 CAD 路径+配置/矩阵规范化哈希漂移,HOLD（记录审计，非 Gate）,30_simulation/control_r2_integrated_candidate/results/CTRL_R2_PREDEVELOPMENT_GATE_V1.json,$.criteria[C1].current_replay 与 reproduction（行17-48）,ed4d8b7774c61317576df03b8dda1591ba1178b895ddc5fa7544ead9a7e59abe,当前状态负记录,exact_legacy_reproduction_available=false；NOT_CLAIMED_REORG04_NORMALIZED_HASH_DRIFT
NEG-CTRL02-A1M2,ctrl,A1 两段轨迹在 M2 上峰值劣于 A0（9.2373 vs 8.7281 deg）——A1 非无反作用轨迹,PASS 内保留 honest negative,10_research/partner_requirement_closure/wave1_results/wave1_gate_check.json,$.module_results.CTRL-02.confirmed_metrics.honest_negative_A1_vs_A0_peak_deg_M2（行195）,ef49240d90471f85a6ee9479855077b0b24b90272c38415cfe71aefc3bd80daf,honest negative（claim 边界）,claim_forbidden 含「A1 是无反作用轨迹」
NEG-CTRL02-L0,ctrl,L0 硬件有效稳定性未评估：NOT_EVALUATED_NO_ACTUATOR_DYNAMICS（Stage-B L0 仅动量级终端可行性）,NOT_EVALUATED,30_simulation/control_02_base_attitude/results/control_02_gate_check.json,$.stage_B_scope.L0_stability_status（行1093）,240fa708b53646a024bb0fd2d67085188dd7c81685515b69c4cdc5dc50edfc5e,负结果/范围声明,执行器占位为 PROVISIONAL_L1_MOMENTUM_ACTUATOR
NEG-CTRL02-REPLAY,ctrl,CTRL-02 当前树重放 12/24；且测试管线副作用重写冻结 Gate 后精确恢复被核验（FINAL_STATE_ONLY_AFTER_EXACT_RESTORE）,HOLD（记录审计，非 Gate）,30_simulation/control_r2_integrated_candidate/results/CTRL_R2_PREDEVELOPMENT_GATE_V1.json,$.criteria[C4].current_replay（行67-83）,ed4d8b7774c61317576df03b8dda1591ba1178b895ddc5fa7544ead9a7e59abe,当前状态负记录,重放副作用=治理风险，独立无副作用 replay gate 缺席（remaining_holds）
NEG-CTRL02-W1R12,ctrl,Stage-A A2 隐含轮力矩 0.033/0.021 N·m 超 R5 PROVISIONAL 0.01 N·m 档 3.3x/2.1x；A2 零峰值仅为动量级理想,OPEN_NEW 硬件触发重跑,10_research/partner_requirement_closure/wave1_results/wave1_gate_check.json,$.integration_checks.red_team_completeness.key_findings_this_round[5]（行285）,ef49240d90471f85a6ee9479855077b0b24b90272c38415cfe71aefc3bd80daf,rerun trigger 登记,轮组选型冻结后重评 Stage-A
NEG-CTRL02-W1R13,ctrl,GC7 最坏实现残差 0.0108 dps = 0.05 dps 稳定门槛的 21.5%；硬件最小脉宽增大约 4.6x 则瞬态裁决翻转,OPEN_NEW 硬件触发重跑,10_research/partner_requirement_closure/wave1_results/wave1_gate_check.json,$.integration_checks.red_team_completeness.key_findings_this_round[6]（行286）；CTRL-02 gate $.gates.GC7.quantization_note,ef49240d90471f85a6ee9479855077b0b24b90272c38415cfe71aefc3bd80daf,rerun trigger 登记,B601/执行器实测到货即重跑瞬态层
NEG-PB-G0A,ctrl,PB_G0 权威充分性层 6 项 HOLD（质量/惯量生产权威、目标捕获变换、frame owner、执行器、接触冲突、配置留存）,HOLD,30_simulation/dynamics_control_prebind_r1/10_verification/PB_G0_GATE.json,$.criteria[G0-A1..A6]（行22-50）,da2bbe1381a08b21cfdb648a658f3092b8e888c6106723abab10f96d4c260c74,阻断登记,定位/哈希层 3/3 PASS 不升级为权威充分
NEG-PB-STATES,ctrl,RPO→TASK_READY 与 PREGRASP→compliant/locked capture 交接连续性 NOT_EVALUATED；State transitions remain schema-only,NOT_EVALUATED,30_simulation/dynamics_control_prebind_r1/10_verification/PB_G1_GATE.json,"$.criteria[G1-04,G1-05]（行27-36）；$.authority_dispositions[2]",7ad34fcf94825e6b3b8df860bafbf7726243655461e10c4f83258b39f9a6ecc0,缺口登记,题述六段任务链无可复现链段的直接机器证据
NEG-R2-DLS,ctrl,5D/6D 控制器把 m/s 与 rad/s 直接拼接做 SVD/欧氏残差/DLS；generalized 解预测基座角速度为 naive 的 3.30549x/3.29410x，「最小基座扰动」不成立,RAW_MIXED_UNIT_DIAGNOSTIC_NO_CREDIT,01_project/competition/R2动力学与控制工程闭环阶段裁决_20260827.md,§4 行112-121,3eed50dd728ea55ce40cd4a2e46d4343d1f17a4c532baca4c469c8b406c08dce,红队发现转化的硬阻断,task_space_metric.status=UNBOUND；command_emitted=false
NEG-SAFE00-REPLAY,ctrl,SAFE-00 当前树重放 23/47，HOLD_CURRENT_REPLAY：CURRENT_SOURCE_BINDINGS_DO_NOT_REPRODUCE_FROZEN_SAFE_ALLOW_AND_MODIFY_FIXTURES,HOLD（记录审计，非 Gate）,30_simulation/control_r2_integrated_candidate/results/CTRL_R2_PREDEVELOPMENT_GATE_V1.json,$.criteria[C7].current_replay（行127-138）,ed4d8b7774c61317576df03b8dda1591ba1178b895ddc5fa7544ead9a7e59abe,当前状态负记录,历史冻结 Gate 未变；current_replay_evidence_class=RECORDED_AUDIT_NOT_GATE
NEG-SIM13-ABORT,ctrl,Sim13 最大运行态 ABORT_ONLY；20/20 仅为负控后端信用，生产非 ABORT 仍被 12 门权威遮蔽,LIMITED,30_simulation/r2_dynamics_control_system_closure/results/R2_DYNAMICS_CONTROL_SYSTEM_GATE_V1.json,$.diagnostic_facts_no_credit.sim13_maximum_operational_state（行33）,55490805d934a8806e58cda25c398bd15aef49f4624f1f8cc08fcb75f2634b03,信用边界声明,20/20 不得升级为抓取执行权限（父裁决 §5 明文）
NEG-SUPERVISOR-OP,ctrl,运行 supervisor 未完成：operational_supervisor_complete=false；轮组阈值 MEASUREMENT_PENDING__ZERO_FILL_FORBIDDEN；150kg@3dps 物理否决=ABORT_OR_RECOVERY,HOLD,30_simulation/r2_control_engineering_closure/results/CTRL_R2_SUPERVISOR_ASSESSMENT_V1.json,$.operational_supervisor_complete（行24）；$.wheel_momentum；$.hybrid_capture；$.safe,1779ece775a153e4f85c44cdf87141192a83415a3f73912451f087c4c418e9df,状态登记,状态机枚举完整但均 operational=false
NEG-TASKMETRIC,ctrl,任务空间特征长度/权重矩阵未冻结：CG1 candidate_packaging_pass=false，control_engineering_complete=false,HOLD,30_simulation/r2_control_engineering_closure/results/R2_CONTROL_ENGINEERING_GATE_V1.json,$.criteria[CG1]（行15-21）；$.hard_blockers[1],2740b33e7958b4af2232ed0a2a51cea830470d1c98d5ba46c39c43279a02adce,硬阻断登记,不同但物理等价的单位缩放可翻转守卫
NEG-DYN-01,dyn,e15 legacy ANCF 交叉求解 6 组诊断锚点最大四指标差 5.63735% > 5% 门槛,REPEAT_ANCF_CERTIFICATION,30_simulation/e15_ancf_certification/results/gate_summary.json,$.cross_solver_diagnostic.max_relative_difference=0.05637349419858036; $.overall,aab4d609e219279c2563c8a38743ac1784bbf16de399d5b8798439b0ac2dca80,硬负结果冻结保留,"TMC 处置:legacy 线维持 REPEAT;现行线重认证由 E23 G07/G11 交付(1.81e-05),两条线不得混引"
NEG-DYN-02,dyn,e15 最终候选跨求解器不可用:E1.5 SAFE=0 且无名义 Top-3,REPEAT(final_candidate_cross_solver.gate_pass=false),30_simulation/e15_ancf_certification/results/gate_summary.json,"$.final_candidate_cross_solver.available=false, reason 字段",aab4d609e219279c2563c8a38743ac1784bbf16de399d5b8798439b0ac2dca80,硬负结果冻结保留,明确禁止用低振幅诊断锚点冒充最终候选
NEG-DYN-03,dyn,E1.5 核心覆盖 72 例 0 SAFE(66 几何不可达+6 捕获后超限),REPEAT_CORE_NO_SAFE_CANDIDATE,30_simulation/e15_core_coverage/results/core_gate_check.json,$.scientific_verdict; $.state_counts,761798e52ead35f8bf6200034af088e85f7bb9085c71d0883bf1e70c1cffe3a7,硬负结果冻结保留,是 sim_10/sim_12 fail-closed 判据与 ABORT 策略的存在性源头
NEG-DYN-04,dyn,E22 五模态 ROM 动态重构 3.51% > 1%(G11 FAIL)且三通道比较不完备(G17 FAIL),HOLD 16/18(SUPERSEDED by E23),30_simulation/e22_r2_full_flex_coupled_diagnostics/results/E22_R2_FULL_FLEX_COUPLED_GATE_V1.json,"$.summary.failed=[G11,G17]; key_metrics.hf_to_rom_five_mode_max_relative=0.035058706034330304",472ada4a7abf98bbd5f72b0459400704a86faf2b13daccd562025c0cc356aa5e,不可变历史(lineage),"根因=合同界定的 ROM 维数不足;ROM5 falsifier 792 个 5D 子集全失败,最优 1.083%"
NEG-DYN-05,dyn,"sim_10 X2:设计书'lambda 边界单调'预期在 G1 过渡带被证伪(1.08% 浅坑,亚分辨率)",REFUTED_IN_TRANSITIONAL_BAND(gate 仍 PASS),30_simulation/sim_10_mission_feasibility/results/sim_10_gate_check.json,$.gates.X2_lambda_boundary_monotonic.design_expectation_status; worst_dip_rel=0.010790032932416973 @mu=0.5141,4dbd8c91ff3455d5e5997a995ac385f02bbc1d2e379bbfe5c0563d41834dfc67,证伪记录入裁决 JSON,幅度亚分辨率不改区域标签;如实记录为科学发现
NEG-DYN-06,dyn,sim_11 v1.0 G4 FAIL 历史:理想冲量 dt=0 对模态能指标不适定(m=2..7 慢收敛尾 +2.86/+1.29/+0.72/~+0.4%),"FAIL(v1.0,git 6c0035b)已修复为有限接触窗",30_simulation/sim_11_coupled_dynamics/results/sim_11_gate_check.json,"$.gates.G4.ideal_impulse_diagnostic (gated=false, physics_note)",9309f5325271bf5efdaa7ecac2bcf20b4feca3fca771d22391a7d7d576f9366f,非 Gate 诊断保留,确诊为模型域边界而非装配缺陷;物理修复=contact_window.py 半正弦等冲量
NEG-DYN-07,dyn,sim_12 B/D 例:碎片@3deg/s 与 @5deg/s 四策略全 INFEASIBLE(RATE)->ABORT,ABORT(REPEAT_CORE 策略空间复现),30_simulation/sim_12_strategy_feasibility/docs/strategy_comparison_report.md,L14-15(B/D 行); L20-21(瓶颈是速率门),5bb7c6a7167710b207980d4b63b6854c18e79c2e0ffba7886251eaf637971b4c,证明集内负结果,'任何本策略集成员都救不了'是核心诚实结论
NEG-DYN-08,dyn,sim_09/E1.5:SAFE=0、UNKNOWN=3、UNSAFE=69,REPEAT_E1_5(NEGATIVE_RESULT+FROZEN),10_research/00_project_architecture/simulation_scenario_map.md,"L101, L127",a5e04c8ac77c75e371b3b9ca29ff32a524cf2c9979d94491c3d7658e70d7878d,冻结历史负结果,当前统一安全门前身;不得复活为当前结论
NEG-DYN-09,dyn,sim_13 V2 正式态 15/20 NC + 5 dependency_hold(NC15/16/18/19/20),HOLD(子模块显式禁止提升),30_simulation/sim_13_physics_gated_embodied_grasping/v4_runtime_guard_diagnostic/results/SIM13_V4_RUNTIME_GUARD_DIAGNOSTIC_GATE_V1.json,technical_verdict: '...CURRENT_V2_FORMAL_NC_REMAINS_15_OF_20__NC19_HOLD__NO_PRODUCTION_OR_RELEASE_CREDIT',not_hashed_read_via_grep,负结果+防提升护栏,V4 证明的是合成夹具上的守卫能力;synthetic contact != 真实夹爪验证
NEG-DYN-10,dyn,"PB-G1:Unified R2 PB-00 仅诊断表征(no credit),状态交接连续性 G1-04/05 未评估",HOLD_NOT_AUTHORIZED_BY_PB_G0,30_simulation/dynamics_control_prebind_r1/10_verification/PB_G1_GATE.json,$.criteria G1-04/05 status=NOT_EVALUATED; $.verdict,7ad34fcf94825e6b3b8df860bafbf7726243655461e10c4f83258b39f9a6ecc0,当前有效 HOLD,E-COMP-02 核心证据;诊断 PASS_DIAGNOSTIC_NO_CREDIT 不得升级
NEG-DYN-11,dyn,R2 8DOF KKT:DG1 单位度量与 DG2 独立全状态守恒未绑定,HOLD 16/18,30_simulation/r2_dynamics_engineering_closure/results/R2_8DOF_CONSTRAINED_DYNAMICS_GATE_V1.json,"$.summary.failed=[DG1,DG2]",6fc6f5ec0df12c06f13c6e0f34c1660b67eadf0ebbb6835b62993488b984ed64,当前有效 HOLD,2026-08-27 02:17 本地最新机器裁决;Unified R2 守恒无当前系统信用
NEG-DYN-12,dyn,e21 记录的 harness 事实:R2_HRN_04 FAIL_REDESIGN_REQUIRED;单一安装消费语义 UNRESOLVED,HOLD(强制),30_simulation/e21_m7_r2_arm_placement_rigid_coupled_diagnostics/results/E21_DIAGNOSTIC_GATE_V1.json,$.mandatory_holds.r2_harness_R2_HRN_04; single_arm_placement_consumption_semantics,b03b7c7af571aa00fe3612756ffbbd99cb834b84377ba8dc2c213355c252616b,当前有效 HOLD(机械域联动),"与 AGENTS.md T3 战略裁决一致:E_HRN 0/75 SAFE,TMG-4 无法诚实判 PASS"
NEG-DYN-13,dyn,sim_14 生产动力学/接触物理/柔体三门 HOLD_NOT_IMPLEMENTED;sim_15 物理接触门 HOLD,HOLD,30_simulation/sim_14_m4_digital_prototype_grasping/evidence/SIM14_DYNAMICS_GRASPING_GATE.json,$.production_dynamics_gate; $.contact_physics_gate; $.flexible_body_gate,14fb22811df5a8fe843a06712a12ff35e476dc00e1150c038c3bf16c8253b4da,当前有效 HOLD,诊断桥接 PASS 不构成生产能力
NEG-DYN-14,dyn,"sim_10 冻结哈希锁对当前树失效(REORG04 路径字符串改写,语义等价但未重钉)",FROZEN_HASH_LOCK_STALE(历史裁决不受影响),20_engineering/config/mission_feasibility/scan_v0.yaml,frozen_inputs 钉 850f49da.../400bcedc... vs 当前 006c6cc5.../75af082a...; git show 284c882 逐行确认为路径前缀,856f1e30de47ca5b3f505f9fe5bd5cd22a75e448ec916b42d9c330f7a62e28ea,负结果(完整性登记),今日重跑 run_gates.py R 门会 FAIL;最小动作=按 REORG04 规则5 重钉+重发 gate
NEG-E01,embodied,Sim13 V1 生产机械/接触/RL 绑定权威被 M7 新证据失效，V1 不得发布非 ABORT 生产动作,SUPERSEDED,30_simulation/sim_13_physics_gated_embodied_grasping/README.md,L3-L21 Current authority 段,e7fa21a26808f5c7eda31e59fa4f06e9c07c6aeb5e53c56427fd6071b9125ff9,historical_bootstrap_regression,保留为历史确定性 V1 运动学 bootstrap/回归用途
NEG-E02,embodied,V4 运行时防护诊断不改变正式负对照：formal V2 NC 仍 15/20，NC15/16/18/19/20 维持 HOLD，NC19 NOT_EXECUTED,HOLD,30_simulation/sim_13_physics_gated_embodied_grasping/v4_runtime_guard_diagnostic/results/SIM13_V4_RUNTIME_GUARD_DIAGNOSTIC_GATE_V1.json,"formal_v2_negative_controls（all_passed=false, passed=15, hold_ids 五项, unchanged_by_v4=true）; diagnostic_claim_boundaries.NC19=NOT_EXECUTED__FORMAL_HOLD",104d6d25d1c4f05b5447639d1d1ccbe464e622241ec23098e14ff44003d885e0,formal_hold_register,四项诊断结果只能写 PASS_DIAGNOSTIC_LOGIC_ONLY，不得累加成 19/20
NEG-E03,embodied,V2 后端负控制注册表 20/20 子结果未升级父 Gate：next_stage_authorized=false、release_credit=false、PENDING_OWNER_REVIEW，最大运行态仍 ABORT_ONLY,PENDING_REVIEW,30_simulation/sim_13_physics_gated_embodied_grasping/v2_system_rebind/runtime_fail_closed_backends_v2/results/SIM13_20_OF_20_GATE_V1.json,gate_passed=true; nc_score=20/20; next_stage_authorized=false; review_status=PENDING_OWNER_REVIEW,4a813f2ee3b0585d63fa591415ab3b256f112d056ba89c879e02d7bcd068b6e4,child_registry_pending_owner_review,父 prebind gate（同日 11:09Z）与 AGENTS.md L39 仍记 15/20 → CHILD_RESULT_NEWER__PARENT_GATE_NOT_REISSUED；sim13 分片负责正式裁决
NEG-E04,embodied,e15 交叉求解器 ANCF 认证 REPEAT 硬负结果（最大相对差 5.637349419858036% > 5%）在 sim13 intake 中保留,REPEAT,30_simulation/sim_13_physics_gated_embodied_grasping/v2_system_rebind/current_system_handoff_intake_v1/results/CURRENT_SYSTEM_HANDOFF_INTAKE_SOURCE_FREEZE_GATE_V1.json,"preserved_hard_negatives.e15（status=REPEAT_ANCF_CERTIFICATION, max_cross_solver_relative_difference=0.05637349419858036）",23903c1af1a6f7382a18e0685ef6a6010926b8c812163900bc3843b7a44be5ce,hard_negative,embodied 侧仅引用登记；e15 归动力学分片裁决
NEG-E05,embodied,机械→embodied harness 交接 G12 FAIL：11/12 通过，released_trajectories=0、safe_key_states=0（要求 8/10）,FAIL,30_simulation/sim_13_physics_gated_embodied_grasping/v2_system_rebind/current_system_handoff_intake_v1/results/CURRENT_SYSTEM_HANDOFF_INTAKE_SOURCE_FREEZE_GATE_V1.json,"preserved_hard_negatives.harness（handoff_g12=FAIL, handoff_passed=11, handoff_total=12）",23903c1af1a6f7382a18e0685ef6a6010926b8c812163900bc3843b7a44be5ce,hard_negative,SIM13_20_OF_20 gate 记 mech_to_embodied_handoff_g12_harness=NOT_IN_A3_SCOPE...REGISTERED_NOT_FORGED
NEG-E06,embodied,Route-C 物理注册表 0/13 可用（13 项全 HOLD，禁止 Route-B 种子继承），当前系统绑定物理输入缺席,HOLD,30_simulation/sim_13_physics_gated_embodied_grasping/v2_system_rebind/current_system_handoff_intake_v1/results/CURRENT_SYSTEM_HANDOFF_INTAKE_SOURCE_FREEZE_GATE_V1.json,"preserved_hard_negatives.route_c_physical_registry（available=0, hold=13, non_null=0）",23903c1af1a6f7382a18e0685ef6a6010926b8c812163900bc3843b7a44be5ce,hard_negative,零填充被明确禁止；为 TMG-4/TMG-6 内部阻断在 embodied 侧的表现
NEG-E07,embodied,H0/H1/H2 地面资格链 NOT_STARTED，B601_MOTION=PROHIBITED，HAG-E 授权文件不存在（approvals 目录缺失，2026-08-27 核实）,BLOCKED_EXTERNAL,10_research/competition_convergence/competition_gate_check.json,hardware_component_status 四字段; stop_rules.start_hil=false; hardware_component_plan.md L44-L51 机器状态段,8b3cdbdaa09e9048262888f596bacc5a7ec543af55542256e8bce66de15a6200,stop_state,NOT_STARTED 不是 PASS/REPEAT/BLOCKED 替身；无 H0/H1/H2 Gate JSON，禁止合成空 PASS
NEG-E08,embodied,四条禁止主张登记：已实现空间具身智能/已完成自主捕获/已完成 VLA/已完成安全控制,CONTRACT_FORBIDDEN,20_engineering/config/competition_prototype/prototype_acceptance.yaml,forbidden_claims 列表（L164-L168）,8214139674a9076471f6fa62ef486e33f0d99d4388b6ab814a822dced6ca9969,forbidden_claims_register,任何比赛/论文材料违反即审计事故
NEG-E09,embodied,「Physics Foundation Model」术语裁决为 REJECTED_AS_PREMATURE_LABEL,REJECTED,10_research/space_embodied_robotics/physics_gated_agent_plan.md,§3.2 末段与 §5 逐项裁决表,ecba24564e55ff227aaf785857dff8dd8f380a02322c8c4655b5cf7f550c5d10,rejected_label,无训练对象/泛化协议/独立评价前不得使用该标签
NEG-E10,embodied,Sim13 无任何 RL 训练结果；bootstrap PASS（未来签署）也只表示环境与安全掩码接线，不表示策略已训练或抓取成功,ABSENT,30_simulation/sim_13_physics_gated_embodied_grasping/results/README.md,L5-L7 全文,4cc9fac5219873185ffdf884c9afaf3f142c5ed22c44c980c4e46a9d99edc0e9,absence_note,config/sim13_bootstrap.json training_success_claimed=false 佐证
NEG-MECH-01,mech,"E_HRN固定外置线束已评包络75样本中0 SAFE(75 UNSAFE,0 UNKNOWN),保守盒为空",0/75 SAFE; NOT_RELEASED,20_engineering/F3R2_M7_MECHANICAL_FINAL_DESIGN_CLOSURE_V1/ecr_b601_harness_rated_envelope/03_envelope/B601_HARNESS_RATED_ENVELOPE_V1.yaml,E_HRN.sample_counts (SAFE 0/UNSAFE 75/UNKNOWN 0); conservative_box_status EMPTY_NO_OBSERVED_SAFE_SAMPLE,a63a93de5b6b3bee37819379757abe5b9f7fc457641f852e06676b686bc416c6,HARD_NEGATIVE_CURRENT,运行时完整性36/36 PASS；分母为75 map样本，勿与11 probe/10 mandatory混用
NEG-MECH-02,mech,11个强制关键态探针全部UNSAFE,states_safe=0 states_unsafe=11 states_unknown=0,20_engineering/F3R2_M7_MECHANICAL_FINAL_DESIGN_CLOSURE_V1/ecr_b601_harness_rated_envelope/03_envelope/B601_HARNESS_RATED_ENVELOPE_V1.yaml,mandatory_key_state_probe,a63a93de5b6b3bee37819379757abe5b9f7fc457641f852e06676b686bc416c6,HARD_NEGATIVE_CURRENT,"AGENTS.md所述11/11 UNSAFE""经核实属实(探针态口径)"""
NEG-MECH-03,mech,Route-B时代任务覆盖：10/10强制关键态UNSAFE(间隙约-10.41 mm/弯折0.100 mm/夹挤负)、0/8轨迹段获权,FAIL_AT_MANDATORY_KEY_STATES; mission_coverage FAIL,20_engineering/F3R2_M7_MECHANICAL_FINAL_DESIGN_CLOSURE_V1/ecr_b601_harness_rated_envelope/04_mission/B601_HARNESS_MISSION_COVERAGE_GATE.json,key_state_checks[10] pass全false; trajectory_segments_with_released_authority=0,f3b444222e87509b66f712e623a4903748c7309c6396708ec02a0c1a54cdaa5c,HARD_NEGATIVE_CURRENT,150kg锚点正确要求ABORT/RECOVERY；外部任务门UNKNOWN fail-closed
NEG-MECH-04,mech,机械→具身handoff V2为11/12，唯一失败G12线束额定运行包络,MECHANICAL_TO_EMBODIED_HANDOFF_FAIL,20_engineering/F3R2_M7_MECHANICAL_FINAL_DESIGN_CLOSURE_V1/ecr_b601_harness_rated_envelope/07_release/MECHANICAL_TO_EMBODIED_HANDOFF_GATE_V2.json,"checks_failed=[G12]; G12 evidence terms (mission_coverage_pass=false, map_contains_safe_sample=false)",13722965d5c558d3439a7cb1e77abbf3c2094b88e9d62f80d664d0c4c90d4e21,CURRENT_BLOCKER,统一接口重跑仍失败(17号终端gate: rerun ... still fails G12)
NEG-MECH-05,mech,"Sim13父Gate冻结于15/20(NC15/16/18/19/20 dependency_hold),最大运行态ABORT_ONLY","15/20 (parent gate, historical snapshot)",20_engineering/MECHANICAL_ENGINEERING_RELEASE_R2/18_SIM13_PREEXECUTION_GATE.json,nc_state; maximum_current_operational_state,af24635327dc96d0daaaba6a074c9440c0bd0f984e1418af6c6677c3d4cf77de,FROZEN_PARENT_TRUTH,后续后端20/20为append-only子域证据，父Gate未重发(CHILD_RESULT_NEWER__PARENT_GATE_NOT_REISSUED)
NEG-MECH-08,mech,"Route-B固定外置线束终局否决并冻结,禁止重开/继承其种子尺寸与0.684 kg诊断质量",REJECTED (route_b),20_engineering/MECHANICAL_ENGINEERING_RELEASE_R2/12_HARNESS_MISSION_ENVELOPE.yaml,route_b: REJECTED (full-range negative result frozen; reopening prohibited),6d5405e40c317e5b96734554d41a2d5169396ba0bcf7cc158dec2908b9d71a22,FROZEN_HARD_NEGATIVE,ODR-42 acknowledgements逐项确认
NEG-MECH-09,mech,"e15 legacy ANCF线认证未过(交叉求解最大差5.64%>5%),保留为硬负结果",REPEAT_ANCF_CERTIFICATION (preserved),20_engineering/MECHANICAL_ENGINEERING_RELEASE_R2/19_OPEN_QUALIFICATION_HOLDS.csv,HOLD-14,29ee63d5e723db33ecb61f2d1cebdcbfa06966328a6f4843aed4eacd1285132c,PRESERVED_HARD_NEGATIVE,现行线交叉求解重认证由E23 G07/G11交付；legacy线不改写
NEG-MECH-10,mech,E22全柔耦合16/18 HOLD(G11/G17 fail)为不可变历史,HOLD_16_OF_18 (historical),20_engineering/MECHANICAL_ENGINEERING_RELEASE_R2/15_UNIFIED_R2_SYSTEM_INTERFACE.yaml,bindings.e22_coupled_gate.status,19822080e540de1e46a383b49c60cd0fb4f40db9dd4fd5edddd4f9c31ddd1e3a,HISTORICAL_IMMUTABLE,由E23重认证取代(13_R2_FLEX_MODEL.yaml)
NEG-MECH-11,mech,TMC-F01:gen_urdf在有效授权下8次执行均被fail-closed终检拒绝(CPython 3.13/3.14 marshal运行码指纹不稳),documented defect; Red Team adjudicated; owner review pending,20_engineering/F3R2_M7_MECHANICAL_FINAL_DESIGN_CLOSURE_V1/unified_r2_digital_prototype_prebind/generated_v2/UNIFIED_R2_URDF_EXECUTION_RECEIPT_V2.json,"authority_execution_history (gen_urdf_attempts=8, all DENIED); documented_defect.id=TMC-F01",957ca67d7bcc2cb591df2442f24532ca3dae24f358fc69bf390ac1a20f6f021e,DOCUMENTED_DEFECT,URDF XML输出确定不受影响；source-only路径发射并完整披露
NEG-MECH-13,mech,"Checkpoint-B C2准入2/8(RFI-E/F/G响应0;注册表13/13 null),Route-C CAD当时禁止",CHECKPOINT_B_REACHED__...HOLD_13_OF_13_PHYSICAL_FIELDS_NULL__CAD_PROHIBITED__NO_RELEASE_CREDIT,20_engineering/F3R2_M7_MECHANICAL_FINAL_DESIGN_CLOSURE_V1/ecr_b601_harness_rated_envelope/checkpoint_b/ROUTE_C_CHECKPOINT_B_GATE_V1.json,"admission.summary (pass 2: C2-ADM-01/07; fail 6); physical_registry (value_non_null 0, HOLD 13); rfi_state.responses_received=0",c9e7526d790e1fb7f5522a113edf41f5913207c15a68e12468fd9eba157349d1,HISTORICAL_HOLD_SUPERSEDED_BY_OWNER_DIRECTIVE,后续经ODR-42/53 Owner指令放行RC-2/3;准入Gate从未重跑为PASS
NEG-MECH-16,mech,B601线束终端Gate(Route-B时代):TMG-4 FAIL_ROUTE_B_MANDATORY_STATES、TMG-6 FAIL_11_OF_12、终端放行条件all_met=false,terminal_release_condition.all_met=false; mechanical_design NOT_RELEASED,20_engineering/F3R2_M7_MECHANICAL_FINAL_DESIGN_CLOSURE_V1/ecr_b601_harness_rated_envelope/07_release/B601_HARNESS_TERMINAL_GATE_V1.json,terminal_release_condition; route_b REJECTED; route_c TRIGGERED,d65bd945b3f0c93041bfd10cfabcd9e423596b3fc19400c45fa58cb08de96af4,HISTORICAL_LINEAGE,后续R2终端Gate继承其否定语义
NEG-MECH-17,mech,"01_BASELINE_MANIFEST.json自引用条目与实际文件不符:清单内记bytes=4497/sha256=C7206FAD...,实测4488字节/sha256=7e87ee69...",SELF_REFERENCE_INCONSISTENCY (manifest self-entry stale),20_engineering/MECHANICAL_ENGINEERING_RELEASE_R2/01_BASELINE_MANIFEST.json,"files[1] (file 01_BASELINE_MANIFEST.json, bytes 4497) vs sha256sum实测",7e87ee69a582ffefb3400a67e84a562729585745fe59e8ed1dec7a12c1ea5bbe,INTEGRITY_OBSERVATION,"其self_reference_policy声明CSV排除自身与本manifest,但manifest仍含自身条目且为陈旧值;22_RELEASE_SHA256.csv本身不含01条目,不影响上游pin校验(00 gate hash_mismatch=0)"
NEG-MECH-18,mech,20_RED_TEAM.json与21_FALSIFIER.json逐字节相同(同一TMC_RED_TEAM_AND_FALSIFIER_V2内容),IDENTICAL_CONTENT (sha256 both F3981655...),20_engineering/MECHANICAL_ENGINEERING_RELEASE_R2/20_RED_TEAM.json,whole file vs 21_FALSIFIER.json,f3981655c383ebdc22aec3b936c28b86d41647363a50361a4bb31d14dfe85e2f,INTEGRITY_OBSERVATION,红队与证伪为同一份合并文件的两个文件名;引用时应注明二者同hash
NEG-MEM-01,memory,e15 ANCF 交叉求解认证失败（最大差 5.637%>5% 门槛）,REPEAT_ANCF_CERTIFICATION,30_simulation/e15_ancf_certification/results/gate_summary.json,"key ""overall""=REPEAT_ANCF_CERTIFICATION；cross_solver_diagnostic.max_relative_difference=0.05637349419858036",aab4d609e219279c2563c8a38743ac1784bbf16de399d5b8798439b0ac2dca80,IMMUTABLE_NEGATIVE_RESULT,硬负结果；全耦合新模型须重过该 Gate；删除 REPEAT/HOLD/负结果是审计红线
NEG-MEM-02,memory,CTRL-01 末端跟踪控制未通过（严格 6D 零空间真零、冻结增益超差等 7 项真实负结果）,REPEAT,30_simulation/control_01_end_effector_tracking/results/control_01_gate_check.json,"key ""verdict""=REPEAT；""next_stage_authorized""=false",ab1fd26978f4250e32e3090a3cd6dc7d41dc1f1b0182861c41ba9af44d0d8f96,IMMUTABLE_NEGATIVE_RESULT_CLOSED_BY_CP6,"引用必须携带""冻结增益与预注册轨迹下""限定；CP6 终裁不改写机器 verdict"
NEG-MEM-03,memory,Wave1 控制闭环集成未授权进入下一波,WAVE1_REPEAT,10_research/partner_requirement_closure/wave1_results/wave1_gate_check.json,"key ""verdict""=WAVE1_REPEAT；verdict_character=ALL_IMPLEMENTATION_DEFECTS_RESOLVED_REMAINDER_IS_PRESERVED_GENUINE_NEGATIVES",ef49240d90471f85a6ee9479855077b0b24b90272c38415cfe71aefc3bd80daf,IMMUTABLE_NEGATIVE_RESULT_ARCHIVED,原样入档；PI 终裁（wave1_cp6_ruling.md）采纳方案 B 以文档化负结果收口，合并主干=证据存档非 PASS 声明
NEG-MEM-04,memory,sim_12 B/D 锚点工况四策略全不可行→ABORT（REPEAT_CORE 在策略空间复现）,ABORT_AS_NEGATIVE,30_simulation/sim_12_strategy_feasibility/results/sim_12_gate_check.json,gates.GS2_differentiation.best_per_case.B_anchor=ABORT、D_extreme=ABORT；GS3.allowed[2]=REPEAT_CORE reproduced in strategy space,a416c13481119bbdc61764d518a1abebc159a78bbd78fac132803069713dacd8,IMMUTABLE_NEGATIVE_RESULT,B 150kg@3°/s 与 D 150kg@5°/s 瓶颈为速率门（2°/s registry），任何本策略集成员都救不了（strategy_comparison_report.md L14-21）
NEG-MEM-05,memory,S3b 臂摆预整形为预注册断言、未入 Phase1 策略集,PREREGISTERED_ASSERTION_NOT_IN_SET,30_simulation/sim_12_strategy_feasibility/docs/strategy_comparison_report.md,"L32：S3b 不在集合（预注册断言待 sim_11 多体固化）；tests/run_all.py L33-38 参数卡防呆断言""S3b not in strategies""",5bb7c6a7167710b207980d4b63b6854c18e79c2e0ffba7886251eaf637971b4c,PREREGISTERED_PENDING,机器防呆在位；不得把 S3b 写入已验证策略结论
NEG-MEM-06,memory,sim_11 v1.0 G4 模态能收敛 FAIL（理想冲量对模态能指标不适定）,SIM11_GATES_FAIL: G4_convergence,30_simulation/sim_11_coupled_dynamics/README_sim_11.md,L27：SIM11_GATES_FAIL: G4_convergence（git 6c0035b）；AGENTS.md L31 同记,d1e7db0e15cee2ca06921e21b25696ed610c412ba6926b685f65bca20cc1ab02,IMMUTABLE_HISTORICAL_FAIL,v1.1 以有限接触带宽解除 G4 后该 FAIL 仍为不可变历史；叙事中用作验证体系有效性的正向证据
NEG-MEM-07,memory,E22 R2 全柔性耦合诊断 16/18 HOLD（G11 HF→五模态 ROM 3.51%>1%、G17 三通道比较 PARTIAL_FAIL_CLOSED）,HOLD_R2_HF_TO_ROM_DYNAMIC_VALIDATION_FAILED,30_simulation/e22_r2_full_flex_coupled_diagnostics/results/E22_R2_FULL_FLEX_COUPLED_GATE_V1.json,"technical_verdict；summary.passed=16/total=18/failed=[G11,G17]；authority_dispositions.review_status=PENDING_OWNER_REVIEW、next_stage_authorized=false",472ada4a7abf98bbd5f72b0459400704a86faf2b13daccd562025c0cc356aa5e,IMMUTABLE_HISTORICAL_HOLD,不可变历史；E23（18/18）为现行重认证线但 E22 不删除不覆盖；authority_dispositions 同时保留 e15_current=REPEAT_ANCF_CERTIFICATION 与 harness=UNSAFE_INDEPENDENT_FACT
NEG-MEM-08,memory,e15 core 覆盖 PASS 但零安全候选 / e16 同步捕获 216 例 formal_safe=0,REPEAT_CORE_NO_SAFE_CANDIDATE / formal_safe=0,10_research/framework_convergence/claim_evidence_matrix.csv,C10 行（coverage 通过但 safe_candidate_count=0）与 C12 行（18 动态均 CORE_UNSAFE；formal safe=0）,7d296e7a243700895916fbccb00ffa7d7c26f22a3a64f073eb20dd154ad5a0f1,IMMUTABLE_NEGATIVE_RESULT,覆盖 PASS≠存在安全候选；UNKNOWN/缺证据不等于 UNSAFE 的 fail-closed 语义依据
NEG-MEM-09,memory,Route-C V9F 在 M01 直线关节空间路径上原始实体穿透（-10.729mm，门控后 -17.313mm）,TERMINAL_NEGATIVE_EVIDENCE,01_project/competition/Route_C终局Owner系统边界决策包_20260826.md,§1 终局负证据表（s=0.5，q 六值，SEG04 vs vendor:link3）,9e9a4156c80f558513828597b00d03a9c23fc9f98b0a0322309728da317adabb,IMMUTABLE_TERMINAL_NEGATIVE,只证 V9F 在当前 M01 直线路径失败；不证所有六自由度绕行/内走线不可能；禁止绑定到 TMG-2/Unified R2/handoff/Sim13
NEG-MECH-06,route_c,"Route-C RC-4任务覆盖V1:1/10关键态UNSAFE(ARM_STOWED_ONORBIT_C05 gated -13.687 mm),M01段最差gated -13.846 mm,弯曲半径R50零裕度FAIL",FAIL_DOCUMENTED,20_engineering/MECHANICAL_ENGINEERING_RELEASE_R2/route_c/ROUTE_C_MISSION_COVERAGE_GATE_V1.json,verdict; documented_failures; predicates.clearance/bend_radius pass=false,14cd127a2c6a10cf7995af9180b8f84fc565624476db3fb0ef9fc775ebdf766a,HARD_NEGATIVE_CURRENT,外部任务门UNKNOWN逐字携带不消费；轨迹时间权威为minimum-jerk种子
NEG-MECH-07,route_c,"V9F在当前M01直线q路径中点(s=0.5)发生原始实体穿透:SEG04_SECTION6_LINK4_DOWNSTREAM_CONDUIT vs vendor:link3,raw -10.729480331980062 mm,gated -17.313396996697108 mm",V9F_REJECTED_BY_EXACT_EQUIVALENT_RAW_PENETRATION_WITNESS_ON_CURRENT_M01_PATH__GEOMETRY_BUDGET_EXHAUSTED__NO_RELEASE_CREDIT,20_engineering/MECHANICAL_ENGINEERING_RELEASE_R2/route_c/ROUTE_C_V9F_MANDATORY_M01_FALSIFIER_GATE.json,witness (fraction 0.5; q_bytes_sha256 CBAA4849...; result_fingerprint 607BEF54...; strict_equivalence 43 nodes/19 binary64 mismatch 0),09c3199bd9824dfdbb9782c20be200f31760f44a89ef68d16f32d0e213f191a0,HARD_NEGATIVE_CURRENT,"穿透为raw物理穿透非仅降额；不在65 mm注册导向接口窗内(距接口起点292.03 mm,registered_interface_contact=false)"
NEG-MECH-12,route_c,RC-5九构型绑定权威Gate FAIL:C05 FAIL、C06-C09 HOLD;V9F增量+3.040266861665941 kg,COMPLETE_NON_AUTHORIZING__NINE_CONFIGURATION_BINDING_GATE_FAIL,20_engineering/MECHANICAL_ENGINEERING_RELEASE_R2/route_c/ROUTE_C_TERMINAL_CURRENT_FRONTIER_V3.json,verified_positive_evidence.mass_inertia_numerical_propagation.binding_states,5c73438c86a6f217e9b5eac30f875759f265acf3c33944203151a6906db3a86a,CURRENT_BLOCKER,"ODR-59数值规则缺失,TMG-2重开未评估"
NEG-MECH-14,route_c,"V9F终局穷举扫掠在falsifier后有依据终止:全量权威扫掠未完成,部分输出0,未推断任何正向Gate",full_sweep_completed=false; partial_output_count=0; positive_gate_inferred=false,20_engineering/MECHANICAL_ENGINEERING_RELEASE_R2/route_c/ROUTE_C_V9F_TERMINAL_RULING.json,terminal_evidence.exhaustive_abort_record,09611ddb8adc96d82c7446b5edd7877c075dccebe9166550014282ddd25054d5,TERMINATION_RECORD,单一精确等价负见证足以否决当前候选;完整通过样本集是任何未来PASS的必要条件
NEG-MECH-15,route_c,"全硬件域抽查最差门控间隙-43.456 mm(joint3,SEG-07B腕尾电源 vs bus),不构成全域PASS依据",PASS_FULL_HARDWARE_RANGE not claimed (spot check negative),20_engineering/MECHANICAL_ENGINEERING_RELEASE_R2/route_c/ROUTE_C_MISSION_COVERAGE_GATE_V1.json,full_range_spot_check.worst_clearance_mm_gated=-43.456249185885824,14cd127a2c6a10cf7995af9180b8f84fc565624476db3fb0ef9fc775ebdf766a,HARD_NEGATIVE_CURRENT,全域Route-C为DEFERRED_HOLD(ODR-42)
NEG-MECH-19,route_c,"RC4/RC6收口检查点报告为未完成草稿(§1/§6/§7/§8待填),所指VF别名终版Gate从未生成",DRAFT_UNFINISHED,20_engineering/MECHANICAL_ENGINEERING_RELEASE_R2/route_c/ROUTE_C_RC4_RC6_CHECKPOINT_REPORT_V1.md,§1/§6/§7/§8 (待填); 产物路径ROUTE_C_*_VF.*不存在于route_c/,ad28a9045aca740a2bbfc76af97af811e033fee1fe4960a60275dc7653dafbac,INCOMPLETE_DOC,实际终版为ROUTE_C_MISSION_COVERAGE_GATE_V1.json(FAIL_DOCUMENTED)与后续V9F falsifier;报告根因表(A腕部降段/B J1 pinch/C J1导向壁)仍有参考价值
NEG-SIM13-01,sim13,机械→具身移交门 FAIL:G12 HARNESS_RATED_OPERATIONAL_ENVELOPE 未过(11/12);unified interface 提供单一消费点但 G12 仍 FAIL,FAIL(HOLD),20_engineering/MECHANICAL_ENGINEERING_RELEASE_R2/17_MECH_TO_EMBODIED_HANDOFF_GATE.json,$.verdict=MECHANICAL_TO_EMBODIED_HANDOFF_FAIL; $.current_handoff_gate_v2.failed,42792057bd9fe08fdeabadec23b5f2cfa06095a33d5a8f363633ce90bc6be982,CURRENT_HOLD,PENDING_OWNER_REVIEW;依赖机械 Route-C 线束任务包络(0/75 SAFE、11/11 强制 UNSAFE)
NEG-SIM13-02,sim13,"B4G 合成夹爪回撤执行 campaign 被作废:3 例 MIDPOINT_COARSE(A1,ALPHA_16,TCMD 5/10/20ms)触发 B4F-G06 能量-功恒等式失败;failure_type=B4GExecutionError",EXECUTION_INVALIDATED(active=true),30_simulation/sim_13_physics_gated_embodied_grasping/v4_synthetic_contact_capture_diagnostic/phase_b4g_post_freeze_synthetic_jaw_retraction_execution/results/SIM13_V4B4G_EXECUTION_INVALIDATED_V1.json,$.failure; $.raw_case_and_diagnostic_evidence_preserved=true,2743fbd314cca3eaa6fb5f4985df8f65697e5bd968de6deb2ad58f0521fab1d9,REGISTERED_FAILURE_RAW_PRESERVED,原始 case 与诊断证据保留;仅 allowlist 内 stale final 清理
NEG-SIM13-03,sim13,"B4G 先前 final credit 被取代:preflight_complete 前产物移除,替代 campaign 摘要登记",PRIOR_FINAL_CREDIT_SUPERSEDED,30_simulation/sim_13_physics_gated_embodied_grasping/v4_synthetic_contact_capture_diagnostic/phase_b4g_post_freeze_synthetic_jaw_retraction_execution/results/SIM13_V4B4G_PRIOR_FINAL_CREDIT_SUPERSEDED_V1.json,$.schema; $.raw_case_and_diagnostic_evidence_preserved=true,e8ab12c4b11706b3be1eaf5af44d79ce353754333e4b57059017046dd4e7e720,SUPERSEDED_RECORD,与 NEG-SIM13-02 同一失败链
NEG-SIM13-04,sim13,"B4G_R1 仅闭环已注册失败合同:original_b4g_final_credit=false、b4g_scientific_gate_pass=false、new_physics_campaign_executed=false;机理=冻结离散第一定律中显式中点二阶截断缺陷(经验阶 2.011-2.080,仅 slots 82/84/88 失败,G06 阈值 1e-7 J)",PASS_PHASE_B4G_R1_REGISTERED_FAILURE_CLOSURE_CONTRACT_ONLY,30_simulation/sim_13_physics_gated_embodied_grasping/v4_synthetic_contact_capture_diagnostic/phase_b4g_r1_registered_failure_closure_contract/results/SIM13_V4B4G_R1_FAILURE_CLOSURE_GATE_V1.json,$.status; $.failure_closure.mechanism; $.open_items(g04_runner_validator_contract_divergence=true; g12_paired_finite_predicates_false=9/9; a2_executed=false); $.claim_boundary,ae7e81f66cf6a5ec218cbb8e3fc4a1ec923a49e2cf0cafc6681eec449d855c68,FAILURE_CLOSURE_CONTRACT_ONLY,claim_boundary 明文:不授予原 final credit/科学 PASS/物理/当前系统/NC19/Owner/生产/下一阶段权威
NEG-SIM13-05,sim13,e15 legacy ANCF 交叉求解最大相对差 5.637349419858036% > 5% 门槛,REPEAT_ANCF_CERTIFICATION(保留硬负结果),30_simulation/sim_13_physics_gated_embodied_grasping/v2_system_rebind/current_system_handoff_intake_v1/evidence/CURRENT_SYSTEM_HANDOFF_INTAKE_V1.json,$.preserved_hard_negatives.e15.max_cross_solver_relative_difference=0.05637349419858036; $.checks.e15_repeat_5p637349pct_gt_5pct=true,8e1419808aedcd3332a3a6509df69824ef763a05d993af6d3920e7486d4e5fe0,HARD_NEGATIVE_PRESERVED,现行线由 E23 G07/G11 重认证交付;legacy 线不复写
NEG-SIM13-06,sim13,E22 R2 HF→ROM 动态验证 16/18(G11/G17 FAIL),HOLD_R2_HF_TO_ROM_DYNAMIC_VALIDATION_FAILED,30_simulation/sim_13_physics_gated_embodied_grasping/v2_system_rebind/current_system_handoff_intake_v1/evidence/CURRENT_SYSTEM_HANDOFF_INTAKE_V1.json,"$.preserved_hard_negatives.e22(failed=[G11,G17],passed=16,total=18); $.checks.e22_16_of_18_g11_g17_fail=true",8e1419808aedcd3332a3a6509df69824ef763a05d993af6d3920e7486d4e5fe0,HARD_NEGATIVE_PRESERVED,不可变历史;E23 18/18 为现行重认证线
NEG-SIM13-07,sim13,Sim13 V1 现行绑定被更新 M7 证据失效;V1 包最大用途降为历史 bootstrap/回归,INVALIDATED_BY_NEWER_M7_EVIDENCE,30_simulation/sim_13_physics_gated_embodied_grasping/v2_system_rebind/current_system_handoff_intake_v1/evidence/CURRENT_SYSTEM_HANDOFF_INTAKE_V1.json,$.preserved_hard_negatives.current_binding; 模块 README L5-8,8e1419808aedcd3332a3a6509df69824ef763a05d993af6d3920e7486d4e5fe0,SUPERSEDED,V1 不得释放非 ABORT 生产动作
NEG-SIM13-08,sim13,"TMC-F01:gen_urdf 运行时代码指纹在 CPython 3.13.9/3.14.4 下冷热态不稳(marshal FLAG_REF 字节差);8 次授权执行尝试全被 fail-closed 终检拒绝,写 11 个 run consumption 标记",DOCUMENTED_DEFECT(全披露),20_engineering/F3R2_M7_MECHANICAL_FINAL_DESIGN_CLOSURE_V1/unified_r2_digital_prototype_prebind/generated_v2/UNIFIED_R2_URDF_EXECUTION_RECEIPT_V2.json,$.documented_defect.id=TMC-F01; $.authority_execution_history(all_attempts_result=DENIED_BY_FAIL_CLOSED_FINAL_CHECK),957ca67d7bcc2cb591df2442f24532ca3dae24f358fc69bf390ac1a20f6f021e,DOCUMENTED_DEFECT_PENDING_ADJUDICATION,URDF XML 数据输出确定性不受影响;处置需 Red Team+Falsifier+Owner
NEG-SIM13-09,sim13,"sim05/sim06/sim10 当前重执行 HOLD:REORG04 后旧默认输入路径不存在,sim10 冻结阈值注册表哈希与现行文件哈希不一致",HOLD_INPUT_PATH_OR_HASH_DRIFT,30_simulation/sim_13_physics_gated_embodied_grasping/v2_system_rebind/results/SIM13_V2_PREBIND_SOURCE_GATE_V1.json,$.current_regression_reexecution_status,dbfff803a656f4ad74934f0c886bc258e219cdc6904647d2855f15d2c3916906,CURRENT_HOLD,历史产物仅作哈希锚点;修复需显式版本化重跑输入
NEG-SIM13-10,sim13,"后端包探索期事故(FAIL_DOCUMENTED):按上游 README 运行再生成式 validate_prebind_v2.py,因 unified URDF 已发射(P25 true→false)重写 4 个 prebind 文件;已按记录哈希逐字节恢复,15/20 负控证据本体未被触碰",FAIL_DOCUMENTED_RESTORED,30_simulation/sim_13_physics_gated_embodied_grasping/v2_system_rebind/runtime_fail_closed_backends_v2/README.md,L69-75(披露段);SIM13_V2_BACKENDS_PACKAGE_VALIDATION_V1.json $.checks.V02 pin_match=true 五项,66a82bc1379762bd725c9322956992e8579ab9febfafaca125223bb190b5be84,DOCUMENTED_INCIDENT_RESTORED,此后未再运行该再生成式脚本;V02 钉死历史五文件
NEG-SIM13-11,sim13,"B4E 求解器 campaign 主分支 horizon 耗尽,结论不确定;不作主分支移除",PRIMARY_BRANCH_HORIZON_EXHAUSTED_INCONCLUSIVE,30_simulation/sim_13_physics_gated_embodied_grasping/v4_synthetic_contact_capture_diagnostic/phase_b4_post_freeze_synthetic_6d_solver/results/SIM13_V4B4E_AUDITED_GATE_V1.json,$.status,8f644e69f626793989488c8d8ff3803f9f1354c6d637e1e237044a55421c896e,INCONCLUSIVE_RETAINED,NO_MAIN_REMOVAL;所有物理/当前/正式 HOLD 保持
NEG-SIM13-12,sim13,v4 运行时守卫诊断期 NC19 正式未执行:权威窄相接触与释放几何缺席,HOLD_AUTHORITATIVE_NARROW_PHASE_CONTACT_AND_RELEASED_GEOMETRY_ABSENT,30_simulation/sim_13_physics_gated_embodied_grasping/v4_runtime_guard_diagnostic/results/SIM13_V4_RUNTIME_GUARD_DIAGNOSTIC_GATE_V1.json,$.nc19_status; $.diagnostic_claim_boundaries.NC19=NOT_EXECUTED__FORMAL_HOLD,104d6d25d1c4f05b5447639d1d1ccbe464e622241ec23098e14ff44003d885e0,HISTORICAL_HOLD_SUPERSEDED_AT_BACKEND_SUBSCOPE,08-25 晚由 NC19 后端子域闭合(BOUNDED_PROVISIONAL);父级未重发
