arm_path_W,pack_V,shared_R_ohm,eta_main,equilibrium_found,input_power_W,battery_A,main_fused_V,protection_class,CHB_loss_W,known_nonarm_heat_W,Q201_heat_W,battery_margin_A
60,20,0.01,0.85,True,94.29900824964025,4.714950412482013,19.94662808936273,BLOCKED_BY_UVLO_SCREEN,10.764705882352944,34.29900824964028,0.5617667167234791,25.28504958751799
60,20,0.01,0.9,True,90.19525453020238,4.509762726510119,19.949028600138323,BLOCKED_BY_UVLO_SCREEN,6.77777777777778,30.195254530202405,0.5005312657174056,25.490237273489882
60,20,0.1,0.85,True,96.44293671740094,4.822146835870047,19.511420818901907,BLOCKED_BY_UVLO_SCREEN,10.764705882352944,36.442936717400954,0.5877374884328186,25.177853164129953
60,20,0.1,0.9,True,92.14941227027418,4.607470613513709,19.53325136771924,BLOCKED_BY_UVLO_SCREEN,6.77777777777778,32.1494122702742,0.5225681216242002,25.39252938648629
60,22,0.01,0.85,True,94.10430846998017,4.27746856681728,21.951582348971563,BLOCKED_BY_UVLO_SCREEN,10.764705882352944,34.10430846998016,0.46193497732215827,25.72253143318272
60,22,0.01,0.9,True,90.02155044600089,4.091888656636404,21.953753495791744,BLOCKED_BY_UVLO_SCREEN,6.77777777777778,30.021550446000933,0.4117045501827786,25.908111343363597
60,22,0.1,0.85,True,95.84608356624119,4.356640162101872,21.55858820804756,BLOCKED_BY_UVLO_SCREEN,10.764705882352944,35.846083566241205,0.47926977044653246,25.643359837898128
60,22,0.1,0.9,True,91.61069112918865,4.16412232405403,21.578165787477143,BLOCKED_BY_UVLO_SCREEN,6.77777777777778,31.61069112918868,0.42643210681334703,25.83587767594597
60,25.2,0.01,0.85,True,93.89183615372527,3.725866514036717,25.157828013366657,CONDITIONAL_STATIC_POINT_STARTUP_UNVERIFIED,10.764705882352944,33.891836153725265,0.35010616104243975,26.274133485963283
60,25.2,0.01,0.9,True,89.83247973490931,3.5647809418614806,25.15971262337813,CONDITIONAL_STATIC_POINT_STARTUP_UNVERIFIED,6.77777777777778,29.83247973490932,0.3121411843727199,26.435219058138518
60,25.2,0.1,0.85,True,95.19443213217137,3.7775568306417213,24.81726266256259,CONDITIONAL_STATIC_POINT_STARTUP_UNVERIFIED,10.764705882352944,35.194432132171386,0.35992246506995473,26.22244316935828
60,25.2,0.1,0.9,True,91.02218731882343,3.6119915602707713,24.834099687960556,CONDITIONAL_STATIC_POINT_STARTUP_UNVERIFIED,6.77777777777778,31.022187318823462,0.32049258373517314,26.38800843972923
60,29.4,0.01,0.85,True,93.72206582333993,3.187825368140814,29.36391923320188,CONDITIONAL_STATIC_POINT_STARTUP_UNVERIFIED,10.764705882352944,33.72206582333994,0.2560441621589903,26.812174631859186
60,29.4,0.01,0.9,True,89.68229715196402,3.050418270474967,29.365526839205053,CONDITIONAL_STATIC_POINT_STARTUP_UNVERIFIED,6.77777777777778,29.682297151964043,0.2283452732134476,26.949581729525033
60,29.4,0.1,0.85,True,94.66416350833387,3.2198695070861865,29.07376822501489,CONDITIONAL_STATIC_POINT_STARTUP_UNVERIFIED,10.764705882352944,34.664163508333885,0.2612321804522529,26.780130492913813
60,29.4,0.1,0.9,True,90.54350041089575,3.0797108983297874,29.08802176226503,CONDITIONAL_STATIC_POINT_STARTUP_UNVERIFIED,6.77777777777778,30.54350041089576,0.23276410768661257,26.920289101670214
120,20,0.01,0.85,True,168.09625691242076,8.404812845621038,19.903460034980736,BLOCKED_BY_UVLO_SCREEN,21.352941176470594,48.096256912420785,2.265944906503322,21.595187154378962
120,20,0.01,0.9,True,159.7177752060726,7.985888760303629,19.908361067394562,BLOCKED_BY_UVLO_SCREEN,13.44444444444445,39.71777520607259,2.014972959169279,22.01411123969637
120,20,0.1,0.85,True,175.40462973832234,8.770231486916117,19.109938630007974,BLOCKED_BY_UVLO_SCREEN,21.352941176470594,55.40462973832235,2.4685863442603972,21.229768513083883
120,20,0.1,0.9,True,166.26093512198238,8.31304675609912,19.15642983370471,BLOCKED_BY_UVLO_SCREEN,13.44444444444445,46.26093512198244,2.1845403286662113,21.68695324390088
120,22,0.01,0.85,True,167.31242417874387,7.605110189942903,21.912651422766967,BLOCKED_BY_UVLO_SCREEN,21.352941176470594,47.31242417874388,1.853198999428439,22.394889810057098
120,22,0.01,0.9,True,159.02146464898283,7.2282483931355825,21.917060424455777,BLOCKED_BY_UVLO_SCREEN,13.44444444444445,39.02146464898286,1.6489712330335549,22.771751606864417
120,22,0.1,0.85,True,173.1368103727795,7.869855016944523,21.201321827212375,BLOCKED_BY_UVLO_SCREEN,21.352941176470594,53.13681037277953,1.9851804008417107,22.130144983055477
120,22,0.1,0.9,True,164.24831663777064,7.46583257444412,21.242407692412428,BLOCKED_BY_UVLO_SCREEN,13.44444444444445,44.24831663777066,1.7597406877619024,22.53416742555588
120,25.2,0.01,0.85,True,166.4498856759198,6.6051541934888816,25.124141979326012,CONDITIONAL_STATIC_POINT_STARTUP_UNVERIFIED,21.352941176470594,46.44988567591985,1.3961297778087864,23.394845806511118
120,25.2,0.01,0.9,True,158.25484513714815,6.279954172109054,25.12794663508412,CONDITIONAL_STATIC_POINT_STARTUP_UNVERIFIED,13.44444444444445,38.2548451371482,1.2431256023612953,23.720045827890946
120,25.2,0.1,0.85,True,170.71714146763156,6.77448974077903,24.51249223545698,CONDITIONAL_STATIC_POINT_STARTUP_UNVERIFIED,21.352941176470594,50.71714146763158,1.468934623762882,23.225510259220968
120,25.2,0.1,0.9,True,162.0937755275863,6.432292679666124,24.547291639391034,CONDITIONAL_STATIC_POINT_STARTUP_UNVERIFIED,13.44444444444445,42.093775527586345,1.304420254902807,23.567707320333877
120,29.4,0.01,0.85,True,165.74119342324195,5.637455558613672,29.335259577746637,CONDITIONAL_STATIC_POINT_STARTUP_UNVERIFIED,21.352941176470594,45.741193423241995,1.0158829097167104,24.362544441386326
120,29.4,0.01,0.9,True,157.62515774599692,5.361399923333229,29.338489313898517,CONDITIONAL_STATIC_POINT_STARTUP_UNVERIFIED,13.44444444444445,37.625157745996965,0.9050657503458263,24.63860007666677
120,29.4,0.1,0.85,True,168.7768347485986,5.740708664918319,28.81740965161507,CONDITIONAL_STATIC_POINT_STARTUP_UNVERIFIED,21.352941176470594,48.77683474859862,1.0535561795519723,24.25929133508168
120,29.4,0.1,0.9,True,160.361431157335,5.454470447528402,28.846518846023745,CONDITIONAL_STATIC_POINT_STARTUP_UNVERIFIED,13.44444444444445,40.36143115733502,0.9368614334274437,24.5455295524716
240,20,0.01,0.85,True,322.81576539451976,16.140788269725988,19.812956157326028,BLOCKED_BY_UVLO_SCREEN,42.52941176470589,82.81576539451976,9.547239201426535,13.859211730274012
240,20,0.01,0.9,True,305.0388097506911,15.251940487534554,19.823354865286234,BLOCKED_BY_UVLO_SCREEN,26.77777777777779,65.03880975069114,8.455294435881891,14.748059512465446
240,20,0.1,0.85,True,354.9125518484733,17.745627592423666,18.197233453322703,BLOCKED_BY_UVLO_SCREEN,42.52941176470589,114.91255184847341,11.556045283122472,12.254372407576334
240,20,0.1,0.9,True,333.0631442399568,16.65315721199784,18.30832593075283,BLOCKED_BY_UVLO_SCREEN,26.77777777777779,93.06314423995683,10.092987775495136,13.34684278800216
240,22,0.01,0.85,True,319.39009503096713,14.517731592316688,21.83177893005368,BLOCKED_BY_UVLO_SCREEN,42.52941176470589,79.39009503096715,7.713751670015631,15.482268407683312
240,22,0.01,0.9,True,302.02057868142936,13.728208121883153,21.84101576162353,BLOCKED_BY_UVLO_SCREEN,26.77777777777779,62.02057868142944,6.84152807981982,16.271791878116847
240,22,0.1,0.85,True,343.63285227548846,15.619675103431293,20.413229312272595,BLOCKED_BY_UVLO_SCREEN,42.52941176470589,103.6328522754884,8.93691175161663,14.380324896568707
240,22,0.1,0.9,True,323.34394811517757,14.697452187053525,20.507011489023032,BLOCKED_BY_UVLO_SCREEN,26.77777777777779,83.34394811517764,7.847948222219059,15.302547812946475
240,25.2,0.01,0.85,True,315.6989895355924,12.527737679983824,25.05485112093173,CONDITIONAL_STATIC_POINT_STARTUP_UNVERIFIED,42.52941176470589,75.6989895355923,5.735745827621963,17.472262320016178
240,25.2,0.01,0.9,True,298.75886622592793,11.85551056452095,25.062715795058065,CONDITIONAL_STATIC_POINT_STARTUP_UNVERIFIED,26.77777777777779,58.758866225927946,5.095052694075647,18.144489435479052
240,25.2,0.1,0.85,True,332.549917203454,13.19642528585135,23.85942070947486,CONDITIONAL_STATIC_POINT_STARTUP_UNVERIFIED,42.52941176470589,92.54991720345402,6.367352181996345,16.803574714148652
240,25.2,0.1,0.9,True,313.6820257117223,12.447699433004853,23.9355614355189,CONDITIONAL_STATIC_POINT_STARTUP_UNVERIFIED,26.77777777777779,73.68202571172229,5.619194027425612,17.552300566995147
240,29.4,0.01,0.85,True,312.71007765682907,10.636397199211874,29.276774042810516,CONDITIONAL_STATIC_POINT_STARTUP_UNVERIFIED,42.52941176470589,72.71007765682913,4.129582110520058,19.363602800788126
240,29.4,0.01,0.9,True,296.1111027155354,10.07180621481413,29.28337952179629,CONDITIONAL_STATIC_POINT_STARTUP_UNVERIFIED,26.77777777777779,56.11110271553546,3.6728150956275307,19.92819378518587
240,29.4,0.1,0.85,True,324.2341650841616,11.028372962046314,28.279677406613644,CONDITIONAL_STATIC_POINT_STARTUP_UNVERIFIED,42.52941176470589,84.23416508416165,4.4406250268191565,18.971627037953688
240,29.4,0.1,0.9,True,306.3667055313668,10.420636242563496,28.34148151871669,CONDITIONAL_STATIC_POINT_STARTUP_UNVERIFIED,26.77777777777779,66.36670553136685,3.9325153156855177,19.579363757436504
360,20,0.01,0.85,True,488.77814824157616,24.43890741207881,19.71587577100231,BLOCKED_BY_UVLO_SCREEN,63.70588235294119,128.77814824157622,22.93980793837487,5.561092587921191
360,20,0.01,0.9,True,460.15002147533147,23.007501073766573,19.732621908272346,BLOCKED_BY_UVLO_SCREEN,40.11111111111113,100.15002147533161,20.217250591366348,6.992498926233427
360,20,0.1,0.85,True,583.8230518808534,29.19115259404267,17.03335588926178,BLOCKED_BY_UVLO_SCREEN,63.70588235294119,223.82305188085357,32.822592219986014,0.8088474059573301
360,20,0.1,0.9,True,540.1138081917883,27.005690409589413,17.255590762097913,BLOCKED_BY_UVLO_SCREEN,40.11111111111113,180.11380819178834,27.92514200991028,2.9943095904105874
360,22,0.01,0.85,True,480.0950269850576,21.822501226593527,21.746318632657488,BLOCKED_BY_UVLO_SCREEN,63.70588235294119,120.09502698505773,18.264789769273197,8.177498773406473
360,22,0.01,0.9,True,452.5716440523472,20.571438366015784,21.760955122271668,BLOCKED_BY_UVLO_SCREEN,40.11111111111113,92.57164405234728,16.139944419225838,9.428561633984216
360,22,0.1,0.85,True,545.2995756939171,24.786344349723503,19.481061594047922,BLOCKED_BY_UVLO_SCREEN,63.70588235294119,185.2995756939171,23.601369582736954,5.213655650276497
360,22,0.1,0.9,True,508.6234683386478,23.119248560847627,19.650589648350355,BLOCKED_BY_UVLO_SCREEN,40.11111111111113,148.62346833864797,20.415488640629484,6.880751439152373
360,25.2,0.01,0.85,True,471.0224618909206,18.691367535353994,24.982740174120583,CONDITIONAL_STATIC_POINT_STARTUP_UNVERIFIED,63.70588235294119,111.0224618909206,13.37866179050994,11.308632464646006
360,25.2,0.01,0.9,True,444.60829993774473,17.643186505466062,24.99500329190832,CONDITIONAL_STATIC_POINT_STARTUP_UNVERIFIED,40.11111111111113,84.6082999377449,11.853866691458403,12.356813494533938
360,25.2,0.1,0.85,True,512.9564299126037,20.35541388542078,23.131397982096374,PROTECTION_CORNER_DEPENDENT,63.70588235294119,152.95642991260377,15.879604462850885,9.64458611457922
360,25.2,0.1,0.9,True,481.2232623242034,19.096161203341406,23.259455608105487,PROTECTION_CORNER_DEPENDENT,40.11111111111113,121.22326232420359,13.896950398892567,10.903838796658594
360,29.4,0.01,0.85,True,463.86578090975144,15.777747649991547,29.216622391562478,CONDITIONAL_STATIC_POINT_STARTUP_UNVERIFIED,63.70588235294119,103.86578090975144,9.520566683479109,14.222252350008453
360,29.4,0.01,0.9,True,438.2963358336949,14.908038633799148,29.226797622990993,CONDITIONAL_STATIC_POINT_STARTUP_UNVERIFIED,40.11111111111113,78.29633583369503,8.452673168435552,15.091961366200852
360,29.4,0.1,0.85,True,491.123654664819,16.704886213089083,27.702401918687176,CONDITIONAL_STATIC_POINT_STARTUP_UNVERIFIED,63.70588235294119,131.12365466481913,10.676521076581592,13.295113786910917
360,29.4,0.1,0.9,True,462.32427153912033,15.725315358473482,27.802019727765455,CONDITIONAL_STATIC_POINT_STARTUP_UNVERIFIED,40.11111111111113,102.32427153912042,9.408270785246684,14.274684641526518
