joint,parent,child,type,status
joint1,base_link,link1,revolute,NO_CROSSING_DETECTED
joint2,link1,link2,revolute,NO_CROSSING_DETECTED
joint3,link2,link3,revolute,NO_CROSSING_DETECTED
joint4,link3,link4,revolute,NO_CROSSING_DETECTED
joint5,link4,link5,revolute,NO_CROSSING_DETECTED
joint6,link5,link6,revolute,NO_CROSSING_DETECTED
gripper_joint,link6,gripper_link,fixed,NO_CROSSING_DETECTED
gripper_joint1,gripper_link,gripper_left,prismatic,NO_CROSSING_DETECTED
gripper_joint2,gripper_link,gripper_right,prismatic,NO_CROSSING_DETECTED
